date,uuid,triplet,calibrated_tail_p,GrossPnL,total_costs,NetPnL,daily_pnl,ticker1,price1,ticker2,price2,ticker3,price3,shares1,shares2,shares3,bp1,bp2,bp3,total_bp,sector_triplet,industry_triplet,spread,half_life,is_stationary,traceT,critical_vals,zscore_composed,ticker1_has_earnings,ticker1_days_to_earnings,ticker2_has_earnings,ticker2_days_to_earnings,ticker3_has_earnings,ticker3_days_to_earnings,n_unknown_earnings,min_days_to_earnings,earnings_within_3d,earnings_within_5d,earnings_within_10d,n_earnings_next_5d,ticker1_has_earnings_history,ticker1_days_since_last_earnings,ticker1_last_reportedEPS,ticker1_last_estimatedEPS,ticker1_last_surprise,ticker1_last_surprise_pct,ticker1_last_report_time_post_market,ticker1_last_report_time_pre_market,ticker1_surprise_pct_mean_4q,ticker1_surprise_pct_std_4q,ticker1_surprise_momentum,ticker2_has_earnings_history,ticker2_days_since_last_earnings,ticker2_last_reportedEPS,ticker2_last_estimatedEPS,ticker2_last_surprise,ticker2_last_surprise_pct,ticker2_last_report_time_post_market,ticker2_last_report_time_pre_market,ticker2_surprise_pct_mean_4q,ticker2_surprise_pct_std_4q,ticker2_surprise_momentum,ticker3_has_earnings_history,ticker3_days_since_last_earnings,ticker3_last_reportedEPS,ticker3_last_estimatedEPS,ticker3_last_surprise,ticker3_last_surprise_pct,ticker3_last_report_time_post_market,ticker3_last_report_time_pre_market,ticker3_surprise_pct_mean_4q,ticker3_surprise_pct_std_4q,ticker3_surprise_momentum,max_surprise_diff,mean_last_surprise_pct,std_last_surprise_pct,min_days_since_last_earnings,max_days_since_last_earnings,std_days_since_last_earnings,n_assets_with_earnings_history,any_earnings_last_3d,any_earnings_last_5d,any_earnings_last_10d,n_earnings_last_5d
2026-06-22,0029669f-9554-4374-a610-3c8fc21a7001,ACN-SOFI-NOK,0.0013080597491379698,-386.53953961227245,66.10911707277606,-452.64865668504854,-518.5699314001391,ACN,119.5561,SOFI,17.265,NOK,14.46,122.94876888574333,-824.2958733167785,12.171146947925426,19181.237433864815,-14359.234113178283,168.32696228980865,33708.798509332904,Financial Services|Technology|Technology,Communication Equipment|Credit Services|Information Technology Services,1.5219680358886356,106.0,False,8.807495978010964,27.0669,-2.8234311607481914,1,-1,1,43,1,31,1,31.0,0,0,0,0,1,4,0.0,3.7,0.0,0.0,0,1,3.701066666666667,2.0006850859976226,0.0,1,54,0.12,0.12,0.0,0.0,1,0,21.022725,21.907567924557632,-9.0909,1,60,0.06,0.05,0.01,20.0,0,1,-16.225499999999997,45.3251940756273,8.2353,20.0,6.666666666666667,11.547005383792515,4.0,60,30.74627348693388,3,0,1,1,1
2026-06-22,003751a4-8a2f-4969-940c-f3d3bf8fcfc6,CIFR-IONQ-XLE,0.006889076331365069,503.69113929183175,74.8710770510963,428.82006224073547,1201.9025156112564,CIFR,28.46,IONQ,60.965,XLE,53.915,-545.8385060474723,180.11568614583186,302.90721120674,-14382.844634350895,9850.526875315543,16559.937236672475,40793.30874633891,Financial Services|Technology|UNKNOWN,Capital Markets|Computer Hardware|UNKNOWN,1.4306000335545443,10.0,True,25.56298679072838,27.0669,-1.466374812272584,1,45,1,44,0,-1,1,44.0,0,0,0,0,1,48,-0.1881,-0.114,-0.0741,-65.0,0,1,-71.25,163.62431563391357,235.0,1,82,2.07,-0.5125,2.5825,503.9024,0,1,41.349575,586.7056121520819,-4.563199999999995,0,-1,0.0,0.0,0.0,0.0,0,0,0.0,0.0,0.0,568.9024,146.3008,311.3927234890372,48.0,82,24.041630560342615,2,0,0,0,0
2026-06-22,027b3cb8-caa4-4bf8-ab71-d24f9e4ffe34,SAP-TDG-F,0.0002634634284664263,427.9342344185647,87.05254642233933,340.88168799622537,469.7949678319759,SAP,149.77,TDG,1285.78,F,14.0623,67.2884778998868,-20.567720251984962,503.5817089833194,10684.737405723024,-27082.5456418012,7030.000657407139,44797.28370493136,Consumer Cyclical|Industrials|Technology,Aerospace & Defense|Auto Manufacturers|Software - Application,-2.7185242235802844,11.0,False,14.934683238440584,27.0669,-1.655831409641488,1,36,1,43,1,37,0,36.0,0,0,0,0,1,60,2.01,1.92,0.09,4.6875,1,0,6.840149999999998,3.697313163636954,-7.521800000000001,1,48,9.2,8.52,0.68,7.9812,0,1,2.2217000000000002,4.516509253099527,5.618,1,54,0.66,0.19,0.47,247.3684,1,0,63.227675000000005,125.12569705378584,278.9473,242.6809,86.67903333333334,139.1708178273137,48.0,60,6.0,3,0,0,0,0
2026-06-22,03365384-37a1-4826-b88a-5681904bd2b8,CMI-GEV-SLB,0.00016685155639954266,-1415.0550133742352,79.23499142055496,-1494.29000479479,-538.815870733054,CMI,722.68,GEV,1121.51,SLB,47.465,-15.232622151093024,-9.146105958432102,490.2492508250048,-10933.67152761155,-9592.984695561094,24674.244794022492,45200.90101719514,Energy|Industrials|Utilities,Oil & Gas Equipment & Services|Specialty Industrial Machinery|Utilities - Renewable,-0.9756369035024308,15.0,False,11.218377126609559,27.0669,-2.80627555083259,1,43,1,30,1,32,0,30.0,0,0,0,0,1,48,4.71,5.55,-0.84,-15.1351,0,1,-0.38432499999999914,18.910936644769908,-0.19489999999999874,1,61,2.01,1.67,0.34,20.3593,0,1,85.39707500000002,154.30942489120957,-295.4792,1,59,0.52,0.51,0.01,1.9608,0,1,3.3204,1.957980032244849,-3.4446000000000003,35.4944,2.3950000000000005,17.751183201972765,48.0,61,7.0,3,0,0,0,0
2026-06-22,06adc9c7-71bc-40bf-b68a-0fe52bc3e100,STX-TXN-DELL,0.027150156062174954,2072.54841862008,76.22636914368174,1996.3220494763984,119.71214293467938,STX,1097.0175,TXN,328.46,DELL,420.275,-16.897674300203406,98.41129089350872,5.431402899574892,-18014.103641217844,29708.40049493241,2277.4958638497437,49999.99999999999,Technology|Technology|Technology,Computer Hardware|Computer Hardware|Semiconductors,1.1959182274646063,11.0,False,22.936468539623544,27.0669,-0.49027382269823405,1,43,1,36,1,-1,1,36.0,0,0,0,0,1,55,4.1,3.51,0.59,16.8091,1,0,10.3034,4.569571162227641,7.302100000000001,1,61,1.68,1.37,0.31,22.6277,1,0,7.7396,10.75078115022421,25.6811,1,25,4.63,2.79,1.84,65.9498,1,0,20.10755,30.71270144576457,57.2149,49.140699999999995,35.12886666666667,26.849794694621654,25.0,61,19.28730152198591,3,0,0,0,0
2026-06-22,0da4e7f8-8f18-4153-b0c4-9642c5924b8d,BSX-RBLX-PANW,0.0005361063697947655,309.28774453836365,73.01737943352339,236.27036510484027,929.4310308637286,BSX,44.355,RBLX,46.79,PANW,286.5196,527.8603280329636,-308.95012146142335,8.61027731154939,23727.321745081714,-14835.78483257755,2429.2175379074297,40992.3241155667,Communication Services|Healthcare|Technology,Electronic Gaming & Multimedia|Medical Devices|Software - Infrastructure,1.138502701309716,10.0,True,30.071103936193346,27.0669,-1.4575767406021165,1,30,1,38,1,-1,1,30.0,0,0,0,0,1,61,0.8,0.79,0.01,1.2658,0,1,3.05085,1.8431652204837798,-1.2982999999999998,1,53,-0.35,-0.4,0.05,12.5,1,0,8.1936,16.565533357546908,4.3367,1,20,0.32,0.43,-0.11,-25.5814,1,0,-1.1927250000000011,16.391435837325748,-35.1559,38.0814,-3.9385333333333326,19.566861541221506,20.0,61,21.73323108360405,3,0,0,0,0
2026-06-22,0dede3fe-56e3-4d12-b3de-b9eaec317c8b,FISV-NU-TTWO,0.00016685155639954266,-297.2844900127626,77.62433188945342,-374.908821902216,-328.40211975027097,FISV,47.455,NU,12.895,TTWO,238.65,384.7499945302606,-870.3952928925726,-28.996712955065643,18764.257233240813,-11219.395325385261,-6612.1204551436185,36595.77301376969,Communication Services|Financial Services|Technology,Banks - Regional|Electronic Gaming & Multimedia|Information Technology Services,0.20599097770867103,11.0,False,12.544131735787252,27.0669,-1.880284856862556,1,30,1,52,1,45,0,30.0,0,0,0,0,1,48,1.79,1.64,0.15,9.1463,0,1,-1.8724249999999998,14.42968674674425,4.4095,1,39,0.18,0.19,-0.01,-5.2632,1,0,-0.8991250000000002,5.59501147057207,-0.2632000000000003,1,32,0.8,0.56,0.24,42.8571,1,0,159.73705,220.85824247005945,-5.335699999999996,48.1203,15.580066666666667,24.696879016655796,32.0,48,8.020806277010642,3,0,0,0,0
2026-06-22,13510d83-7c7b-40d1-983d-3e00e7a4609a,MSFT-TTWO-HIMS,0.00016685155639954266,-701.7966029724008,64.60522039139575,-766.4018233637966,-408.11250405027465,MSFT,370.055,TTWO,238.65,HIMS,33.49,75.29023284294185,-37.93429712286334,-152.5345511653491,28528.222126519096,-8650.157772926528,-4864.326836662983,42042.70673610861,Communication Services|Consumer Defensive|Technology,Electronic Gaming & Multimedia|Household & Personal Products|Software - Infrastructure,2.4800144045836743,15.0,False,30.534346148245998,27.0669,-2.089743436634695,1,37,1,45,1,42,0,37.0,0,0,0,0,1,54,4.27,4.09,0.18,4.401,1,0,11.415300000000002,13.726602610260125,-27.2317,1,32,0.8,0.56,0.24,42.8571,1,0,159.73705,220.85824247005945,-5.335699999999996,1,42,-0.19,0.13,-0.32,-246.1538,1,0,-50.5938,130.5293353231883,-261.94329999999997,289.0109,-66.29856666666666,156.94153887624313,32.0,54,11.015141094572202,3,0,0,0,0
2026-06-22,13a99290-8cc4-4c3e-9e1f-0e83fe8e67c7,ADBE-RBLX-HCA,0.002532396151824384,56.11401268021177,75.91480371471452,-19.80079103450275,1331.5385647310563,ADBE,192.66,RBLX,46.79,HCA,375.8101,82.63494853309285,-326.2875788256458,41.133915308413144,16219.587698075466,-15668.329535207513,15966.540566113646,47854.45779939662,Communication Services|Healthcare|Technology,Electronic Gaming & Multimedia|Medical Care Facilities|Software - Infrastructure,2.5022080389457697,12.0,False,12.029133557514815,27.0669,-1.7220055601521183,1,80,1,38,1,32,0,32.0,0,0,0,0,1,11,5.96,5.81,0.15,2.5818,1,0,1.95515,0.7901165926620132,1.7046,1,53,-0.35,-0.4,0.05,12.5,1,0,8.1936,16.565533357546908,4.3367,1,59,7.15,7.13,0.02,0.2805,0,1,9.264975000000002,8.858352168950784,-6.8051,12.2195,5.1207666666666665,6.4933665277214505,11.0,59,26.153393661244042,3,0,0,0,0
2026-06-22,1b835b94-6e59-415a-b432-b4ed10f445a4,BABA-SCHW-SE,0.00016685155639954266,43.07807360402231,70.37058957249641,-27.292515968474106,-336.91301780819384,BABA,104.99,SCHW,92.13,SE,90.065,188.13187941776212,-99.0409857402566,-111.13580716999628,20212.889124644364,-9360.363562311652,-10095.576723322463,39668.82941027848,Consumer Cyclical|Consumer Cyclical|Financial Services,Capital Markets|Internet Retail|Internet Retail,0.15865844367053406,14.0,False,26.39127746548154,27.0669,-1.9348383471048116,1,67,1,25,1,50,0,25.0,0,0,0,0,1,40,0.62,5.74,-5.12,-89.1986,0,1,-38.403075,36.15202189840148,-54.0066,1,67,1.43,1.4,0.03,2.1429,0,1,2.6448250000000013,2.071636088336972,2.1429,1,41,0.81,0.77,0.04,5.1948,0,1,-5.9097250000000034,10.429713614277029,9.483,94.3934,-27.286966666666668,53.638757255396335,40.0,67,15.307950004273378,3,0,0,0,0
2026-06-22,1ee9a553-2dbd-4462-af15-2d4071eab59d,HOOD-WDAY-XLK,0.0002634634284664263,-333.9021223383917,59.94269215366456,-393.84481449205623,-121.94993612209606,HOOD,105.8545,WDAY,112.855,XLK,191.62,-132.42946027391005,100.26192718166745,58.652927535191665,-13931.579220815338,12214.910588542545,10897.713936038612,37044.203745396495,Financial Services|Technology|UNKNOWN,Capital Markets|Software - Application|UNKNOWN,1.3511450169490984,11.0,False,12.64077188013183,27.0669,-2.056461929413743,1,37,1,59,0,-1,1,37.0,0,0,0,0,1,55,0.38,0.39,-0.01,-2.5641,1,0,16.2218,15.814762302568298,-14.9237,1,32,2.66,2.52,0.14,5.5556,1,0,8.111749999999997,3.64515136265647,-0.9098999999999995,0,-1,0.0,0.0,0.0,0.0,0,0,0.0,0.0,0.0,8.1197,0.9971666666666668,4.150679226745104,32.0,55,16.263455967290593,2,0,0,0,0
2026-06-22,1ef6919f-4328-4dc3-8b11-b5a39b63dbd3,NBIS-USO-CRWD,0.0005361063697947655,364.3577860216842,47.44445613353567,316.91332988814855,-203.93523041686484,NBIS,286.13,USO,111.93,CRWD,681.98,-40.27136005009617,49.74994560019428,19.885232528065444,-11312.627751672517,5682.936285910193,13580.818407367577,30576.382444950286,Communication Services|Technology|UNKNOWN,Internet Content & Information|Software - Infrastructure|UNKNOWN,1.682244436723221,11.0,False,18.908998392265772,27.0669,-1.8910232316363222,1,45,0,-1,1,-1,2,45.0,0,0,0,0,1,40,-0.39,-0.78,0.39,50.0,0,1,14.1687,31.582643609531274,75.9259,0,-1,0.0,0.0,0.0,0.0,0,0,0.0,0.0,0.0,1,19,1.1,1.07,0.03,2.8037,1,0,4.699450000000113,4.916417877913307,0.9855,50.0,17.601233333333333,28.09315298366015,19.0,40,14.849242404917497,2,0,0,0,0
2026-06-22,248a1ea1-ed3a-4b85-a90d-1f5c5674c736,GEV-XOP-TQQQ,0.00016685155639954266,-516.1187886989467,63.25777602280996,-579.3765647217566,-150.3266235705924,GEV,1121.51,XOP,153.965,TQQQ,82.071,-15.743107980843712,134.6831912638259,19.924543376483246,-16512.316236787734,20976.907039340884,1544.949093412511,39034.17236954113,UNKNOWN|UNKNOWN|Utilities,UNKNOWN|UNKNOWN|Utilities - Renewable,-0.08946502947898458,12.0,False,16.034013537920355,27.0669,-2.1998369360237855,1,30,0,-1,0,-1,2,30.0,0,0,0,0,1,61,2.01,1.67,0.34,20.3593,0,1,85.39707500000002,154.30942489120957,-295.4792,0,-1,0.0,0.0,0.0,0.0,0,0,0.0,0.0,0.0,0,-1,0.0,0.0,0.0,0.0,0,0,0.0,0.0,0.0,20.3593,6.786433333333334,11.754447335512348,61.0,61,0.0,1,0,0,0,0
2026-06-22,249a1649-62b1-42c6-b1b6-3f185ff63d25,AXON-CRM-MP,0.00016685155639954266,-238.16916812239046,45.70837883763405,-283.8775469600245,-222.14344354188145,AXON,412.65,CRM,149.61,MP,61.765,-11.656846352124257,110.27165364488096,-98.13708826764136,-4930.962575412082,17094.311748029446,-5970.660450203301,27995.93477364483,Basic Materials|Industrials|Technology,Aerospace & Defense|Other Industrial Metals & Mining|Software - Application,1.117755149638796,12.0,True,26.24524767813174,27.0669,-2.2015741393749706,1,42,1,72,1,45,0,42.0,0,0,0,0,1,47,1.61,1.6,0.01,0.625,1,0,14.044874999999987,31.695336676907264,-33.75,1,26,3.88,3.13,0.75,23.9617,1,0,22.185300000000005,12.73035384766144,-0.9562999999999988,1,46,-0.04,-0.04,0.0,0.0,1,0,63.322374999999994,92.40610659418473,-200.0,23.9617,8.195566666666666,13.657447655522367,26.0,47,11.846237095944574,3,0,0,0,0
2026-06-22,2c5fed37-3ba0-409e-b369-55cc6bf44960,ACN-TDG-DELL,0.0002172340080865962,193.8751585342622,77.98213477012851,115.89302376413369,103.47240477645471,ACN,119.5561,TDG,1285.78,DELL,420.275,92.02368926571953,-20.047646772845763,5.959090295456732,14356.615762344902,-26397.738888144657,2498.765742690917,43253.12039318047,Industrials|Technology|Technology,Aerospace & Defense|Computer Hardware|Information Technology Services,-2.432444422460177,21.0,False,20.356513344056367,27.0669,-2.4822034622406983,1,-1,1,43,1,-1,2,43.0,0,0,0,0,1,4,0.0,3.7,0.0,0.0,0,1,3.701066666666667,2.0006850859976226,0.0,1,48,9.2,8.52,0.68,7.9812,0,1,2.2217000000000002,4.516509253099527,5.618,1,25,4.63,2.79,1.84,65.9498,1,0,20.10755,30.71270144576457,57.2149,65.9498,24.643666666666665,35.99406029573954,4.0,48,22.00757445365875,3,0,1,1,1
2026-06-22,3adda5eb-b1ef-4aa7-a2a9-fe4b617ae3df,ON-STX-EQT,0.23125788704136022,2537.613806344946,58.6173281868531,2478.996478158093,992.8099568534496,ON,129.63,STX,1097.0175,EQT,51.34,171.54888428993775,-13.934569993228145,31.875545929970862,19371.30001401977,-14855.227032680728,1629.7966633994104,35856.3237100999,Energy|Technology|Technology,Computer Hardware|Oil & Gas E&P|Semiconductors,-0.09308347688363722,17.0,False,9.970978712968176,27.0669,-1.0973045531446741,1,42,1,43,1,36,0,36.0,0,0,0,0,1,49,0.64,0.62,0.02,3.2258,1,0,-3.4308250000000005,13.812359519013679,26.9546,1,55,4.1,3.51,0.59,16.8091,1,0,10.3034,4.569571162227641,7.302100000000001,1,62,2.33,2.09,0.24,11.4833,1,0,22.70135,16.04204867145416,-13.638300000000001,13.583300000000001,10.506066666666667,6.844176244321397,49.0,62,6.506407098647712,3,0,0,0,0
2026-06-22,3f15078a-6aa2-4dc9-a1d4-a450d07b338b,SLB-SNXX-DRAM,0.0002634634284664263,-3182.9291919878206,75.71079666810543,-3258.639988655926,-1069.3231931436508,SLB,47.465,SNXX,47.635,DRAM,80.105,438.25951470739204,-298.63931481134415,201.99294047177062,22057.60137522304,-10452.376018397044,14129.406186000355,46639.38357962044,Energy|UNKNOWN|UNKNOWN,Oil & Gas Equipment & Services|UNKNOWN|UNKNOWN,2.2876091726962224,9.0,False,26.508908869732164,27.0669,-2.6767373686980083,1,32,0,-1,0,-1,2,32.0,0,0,0,0,1,59,0.52,0.51,0.01,1.9608,0,1,3.3204,1.957980032244849,-3.4446000000000003,0,-1,0.0,0.0,0.0,0.0,0,0,0.0,0.0,0.0,0,-1,0.0,0.0,0.0,0.0,0,0,0.0,0.0,0.0,1.9608,0.6536000000000001,1.1320684078270182,59.0,59,0.0,1,0,0,0,0
2026-06-22,48283b78-1b48-43ee-9689-84638802b611,AMAT-UNP-DELL,0.0003093801756066056,123.60465057331675,67.90434983329035,55.70030074002639,267.3335644157845,AMAT,622.96,UNP,260.57,DELL,420.275,-26.77872715617835,93.91863141029512,10.2519626954294,-15877.642905441266,24235.70283542666,4298.852997447456,44412.19873831538,Industrials|Technology|Technology,Computer Hardware|Railroads|Semiconductor Equipment & Materials,1.3200127814928806,13.0,False,14.293803635853768,27.0669,-1.9106529893187587,1,52,1,31,1,-1,1,31.0,0,0,0,0,1,39,2.86,2.69,0.17,6.3197,1,0,5.731125,1.6566169590942013,-1.3726000000000003,1,60,2.93,2.86,0.07,2.4476,0,1,1.8073999999999923,1.920390225969843,2.796,1,25,4.63,2.79,1.84,65.9498,1,0,20.10755,30.71270144576457,57.2149,63.502199999999995,24.9057,35.59791985790743,25.0,60,17.61628034896508,3,0,0,0,0
2026-06-22,48e1eb61-f54d-4879-8901-95c68a98ff9c,SAP-TDG-RIOT,0.0002634634284664263,422.37881164348556,77.39203609017206,344.9867755533135,484.8323606013521,SAP,149.77,TDG,1285.78,RIOT,29.0061,77.61189935006911,-20.240713114435927,93.0793265360891,12323.993497797474,-26651.958993433505,2553.165926884924,41529.118418115904,Financial Services|Industrials|Technology,Aerospace & Defense|Capital Markets|Software - Application,-2.900968563143466,10.0,True,14.197501429657523,27.0669,-1.4936699779681564,1,36,1,43,1,38,0,36.0,0,0,0,0,1,60,2.01,1.92,0.09,4.6875,1,0,6.840149999999998,3.697313163636954,-7.521800000000001,1,48,9.2,8.52,0.68,7.9812,0,1,2.2217000000000002,4.516509253099527,5.618,1,53,-0.35,-0.28,-0.07,-25.0,1,0,-61.52690000000008,951.36768452554,1357.2187,32.9812,-4.110433333333333,18.165698763420398,48.0,60,6.027713773341708,3,0,0,0,0
2026-06-22,4ed2ca4f-a479-494e-aebe-31c0cdd481f0,CAT-MPWR-NOK,0.00016685155639954266,-964.5833885685624,93.78299256320267,-1058.3663811317651,-669.0475925910291,CAT,1019.23,MPWR,1524.09,NOK,14.46,-30.746450844807942,6.0552325317016935,659.8495140354897,-29391.147291568806,8769.24830473571,9125.718779110823,47286.11437541534,Industrials|Technology|Technology,Communication Equipment|Farm & Heavy Construction Machinery|Semiconductors,-2.4306754838929976,9.0,False,25.18752250759818,27.0669,-2.175977037878374,1,43,1,38,1,31,0,31.0,0,0,0,0,1,53,5.54,4.64,0.9,19.3966,0,1,8.697624999999999,9.467693752045616,9.8425,1,53,5.1,4.9,0.2,4.0816,1,0,2.3151749999999995,1.2736571735696463,3.0267,1,60,0.06,0.05,0.01,20.0,0,1,-16.225499999999997,45.3251940756273,8.2353,15.9184,14.492733333333334,9.02135221867173,53.0,60,4.041451884327381,3,0,0,0,0
2026-06-22,4f2f2030-e59a-47ed-8889-dee13ab51c56,ADSK-CRM-SE,0.00016685155639954266,-213.9971077378566,51.71108768339402,-265.7081954212506,-74.70088002799176,ADSK,187.3901,CRM,149.61,SE,90.065,-9.979540927296187,119.533701939987,-119.0415336456484,-1926.7499668330747,18530.114474736787,-10813.732916370702,31270.59735794056,Consumer Cyclical|Technology|Technology,Internet Retail|Software - Application|Software - Application,1.0888440524725806,11.0,False,28.274539526517504,27.0669,-1.9472413618977662,1,-1,1,72,1,50,1,50.0,0,0,0,0,1,25,2.35,2.12,0.23,10.8491,1,0,7.57185,2.254075332222396,5.1496,1,26,3.88,3.13,0.75,23.9617,1,0,22.185300000000005,12.73035384766144,-0.9562999999999988,1,41,0.81,0.77,0.04,5.1948,0,1,-5.9097250000000034,10.429713614277029,9.483,18.7669,13.3352,9.627286939216052,25.0,41,8.962886439832502,3,0,0,0,0
2026-06-22,4fa52cc5-10f6-4e68-a09e-30c311d844cc,AXP-MSFT-GEV,0.00023225741047688724,-562.3464289651779,68.9344688888007,-631.2808978539786,-702.9483588058457,AXP,337.02,MSFT,370.055,GEV,1121.51,-24.538440254695892,61.062920516638854,-10.404740771974785,-8356.32044433414,23137.35121295963,-10913.116406093472,42406.78806338724,Financial Services|Technology|Utilities,Credit Services|Software - Infrastructure|Utilities - Renewable,0.27247173745369113,12.0,True,28.70052057024834,27.0669,-2.2172609738104385,1,32,1,37,1,30,0,30.0,0,0,0,0,1,60,4.28,3.99,0.29,7.2682,0,1,3.9698750000000143,3.3083543697474664,7.8316,1,54,4.27,4.09,0.18,4.401,1,0,11.415300000000002,13.726602610260125,-27.2317,1,61,2.01,1.67,0.34,20.3593,0,1,85.39707500000002,154.30942489120957,-295.4792,15.958300000000001,10.676166666666667,8.507497418355962,54.0,61,3.7859388972001824,3,0,0,0,0
2026-06-22,52deafde-140b-4f47-97b2-6ac7a324a661,AXON-CRM-SE,0.00016685155639954266,-196.57464995817162,51.07841232862873,-247.65306228680035,-71.90045457743864,AXON,412.65,CRM,149.61,SE,90.065,-8.437516750704049,119.50084687348789,-99.30991463740159,-3569.1539607153195,18525.021282328093,-9021.312645661561,31115.487888704974,Consumer Cyclical|Industrials|Technology,Aerospace & Defense|Internet Retail|Software - Application,0.985927298485759,13.0,False,27.16575675259774,27.0669,-2.083753450701889,1,42,1,72,1,50,0,42.0,0,0,0,0,1,47,1.61,1.6,0.01,0.625,1,0,14.044874999999987,31.695336676907264,-33.75,1,26,3.88,3.13,0.75,23.9617,1,0,22.185300000000005,12.73035384766144,-0.9562999999999988,1,41,0.81,0.77,0.04,5.1948,0,1,-5.9097250000000034,10.429713614277029,9.483,23.3367,9.927166666666666,12.36716873109336,26.0,47,10.816653826391969,3,0,0,0,0
2026-06-22,5405d37e-8223-4339-ae71-6bfa34c52610,CIFR-NVDA-HWM,0.0003093801756066056,206.04043329915433,79.32567780374696,126.71475549540737,-69.8848054166276,CIFR,28.46,NVDA,208.77,HWM,278.225,-383.9847100974958,154.89311354782197,-23.419936449196538,-10117.997111069015,31698.875687561766,-6633.228600505936,48450.101399136714,Financial Services|Industrials|Technology,Aerospace & Defense|Capital Markets|Semiconductors,2.0246874698883746,9.0,False,19.297827011590794,27.0669,-1.5606007629158185,1,45,1,65,1,38,0,38.0,0,0,0,0,1,48,-0.1881,-0.114,-0.0741,-65.0,0,1,-71.25,163.62431563391357,235.0,1,33,1.87,1.77,0.1,5.6497,1,0,4.494875,1.13318215474661,0.4549000000000003,1,46,1.22,1.1063,0.1137,10.2775,0,1,6.87955,2.874828971723152,2.030099999999999,75.2775,-16.3576,42.18905594499597,33.0,48,8.144527815247077,3,0,0,0,0
2026-06-22,556aef84-191d-43f2-b46e-0910e4dac4ef,SLB-TER-CCL,0.0002172340080865962,-1935.790841376865,76.75356455011693,-2012.5444059269819,-511.5658666129759,SLB,47.465,TER,449.28,CCL,30.165,568.5071094942057,-23.440168750502888,-202.61874319376338,28612.96282084337,-9576.71534470546,-6060.326608925463,44250.00477447429,Energy|Industrials|Technology,Oil & Gas Equipment & Services|Semiconductor Equipment & Materials|Travel Services,0.7075485600118425,11.0,False,26.507317506282426,27.0669,-2.400161287613089,1,32,1,43,1,1,0,1.0,1,1,1,1,1,59,0.52,0.51,0.01,1.9608,0,1,3.3204,1.957980032244849,-3.4446000000000003,1,55,2.56,2.12,0.44,20.7547,1,0,16.085,11.700041602488524,-9.6801,1,87,0.2,0.18,0.02,11.1111,0,1,29.15945,29.691150527219467,-24.8889,18.7939,11.275533333333334,9.398028944589036,55.0,87,17.435595774162696,3,0,0,0,0
2026-06-22,56097e7d-f438-4884-9ea2-f190eb99b59b,ON-WDC-MPC,0.09131393967372993,1793.0725423738677,64.79862798121448,1728.2739143926533,1112.6734764520847,ON,129.63,WDC,735.03,MPC,246.995,73.93957674973919,-20.618947174033284,78.50016194052807,8349.257006580548,-14683.370851044323,19201.924612272574,42234.55246989745,Energy|Technology|Technology,Computer Hardware|Oil & Gas Refining & Marketing|Semiconductors,1.1719793733881114,18.0,False,7.265069923012622,27.0669,-1.8164000824635718,1,42,1,37,1,43,0,37.0,0,0,0,0,1,49,0.64,0.62,0.02,3.2258,1,0,-3.4308250000000005,13.812359519013679,26.9546,1,53,8.2,2.14,6.06,283.1776,1,0,104.35665,128.27820122142086,272.81489999999997,1,48,1.65,0.75,0.9,120.0,0,1,47.104775000000004,53.52171392761193,69.8155,279.9518,135.46779999999998,140.6154053026908,48.0,53,2.6457513110645907,3,0,0,0,0
2026-06-22,5c4c2ed2-e57b-4fd7-be31-7df761199a69,CIEN-XBI-AGQ,5.859060358995407e-05,-1035.414423306567,90.31714315635091,-1125.731566462918,-952.4994209039623,CIEN,459.355,XBI,146.09,AGQ,83.875,14.853001284833255,-249.57226223138133,29.435367969255317,6486.602721112379,-34787.87763243224,2597.9655769664746,43872.445930511094,Technology|UNKNOWN|UNKNOWN,Communication Equipment|UNKNOWN|UNKNOWN,-2.7835595528086587,11.0,True,26.684975768375477,27.0669,-2.196450941506754,1,-1,0,-1,0,-1,3,-1.0,0,0,0,0,1,18,1.64,1.46,0.18,12.3288,0,1,-28.933774999999997,40.63623048228231,23.5357,0,-1,0.0,0.0,0.0,0.0,0,0,0.0,0.0,0.0,0,-1,0.0,0.0,0.0,0.0,0,0,0.0,0.0,0.0,12.3288,4.1095999999999995,7.118035998785059,18.0,18,0.0,1,0,0,0,0
2026-06-22,5e80dcf9-a3f3-4294-835d-82a14b90cb19,CIFR-ON-ADBE,0.0011678534418548708,845.9914907051591,55.95481614624295,790.0366745589162,950.2877775740947,CIFR,28.46,ON,129.63,ADBE,192.66,-421.8749232316513,99.94243276429953,52.01619214343447,-11116.404227154011,11285.499507744702,10209.73819391332,32611.64192881203,Financial Services|Technology|Technology,Capital Markets|Semiconductors|Software - Infrastructure,2.1890895222438367,11.0,True,17.856160448391748,27.0669,-1.5308322316117637,1,45,1,42,1,80,0,42.0,0,0,0,0,1,48,-0.1881,-0.114,-0.0741,-65.0,0,1,-71.25,163.62431563391357,235.0,1,49,0.64,0.62,0.02,3.2258,1,0,-3.4308250000000005,13.812359519013679,26.9546,1,11,5.96,5.81,0.15,2.5818,1,0,1.95515,0.7901165926620132,1.7046,68.2258,-19.7308,39.2055995424123,11.0,49,21.656407827707714,3,0,0,0,0
2026-06-22,6584ab98-0f6b-4d18-8177-0323e906524b,ACN-SCHW-NVDL,0.00034378047563807273,377.9835574718768,96.99202383472894,280.9915336371479,-919.217144543787,ACN,119.5561,SCHW,92.13,NVDL,98.345,76.38073975986569,-342.64801855822657,60.1538260460676,11916.159209936646,-32383.664233937994,5700.176556125366,50000.00000000001,Financial Services|Technology|UNKNOWN,Capital Markets|Information Technology Services|UNKNOWN,-1.266366043344426,20.0,False,22.044081175059663,27.0669,-2.4801835060997885,1,-1,1,25,0,-1,2,25.0,0,0,0,0,1,4,0.0,3.7,0.0,0.0,0,1,3.701066666666667,2.0006850859976226,0.0,1,67,1.43,1.4,0.03,2.1429,0,1,2.6448250000000013,2.071636088336972,2.1429,0,-1,0.0,0.0,0.0,0.0,0,0,0.0,0.0,0.0,2.1429,0.7143,1.237203891846449,4.0,67,44.54772721475249,2,0,1,1,1
2026-06-22,66f55dab-e546-4882-b20e-b18704b42421,ISRG-SCHW-SMCI,0.0016039730195453324,1501.0027643749395,92.6536215851683,1408.3491427897711,194.91199752299372,ISRG,401.61,SCHW,92.13,SMCI,36.135,45.39576869455715,-303.4812779772965,110.17689578073131,18257.270253576993,-28682.015581634292,3060.714164788716,50000.0,Financial Services|Healthcare|Technology,Capital Markets|Computer Hardware|Medical Instruments & Supplies,-0.18587603790543042,11.0,False,27.412716344715555,27.0669,-1.0548284197936422,1,36,1,25,1,43,0,25.0,0,0,0,0,1,62,2.5,2.11,0.39,18.4834,1,0,15.740625000000001,4.492729253935012,7.0297,1,67,1.43,1.4,0.03,2.1429,0,1,2.6448250000000013,2.071636088336972,2.1429,1,48,0.84,0.62,0.22,35.4839,1,0,14.806399999999998,27.079150486798255,-5.3324,33.341,18.7034,16.671588714036822,48.0,67,9.848857801796104,3,0,0,0,0
2026-06-22,77fc8156-9343-4ab5-940b-1179a8a98b45,COF-CVNA-CRWV,0.005878655730483684,1759.128214826699,86.76003741405019,1672.3681774126487,547.1689670990716,COF,201.12,CVNA,68.03,CRWV,112.17,-127.09722860748408,287.11012109392504,-19.61081607414014,-25530.020310385327,18047.742211964127,-2259.362119901685,45837.12464225114,Consumer Cyclical|Financial Services|Technology,Auto & Truck Dealerships|Credit Services|Software - Infrastructure,-1.5252351976589367,12.0,True,26.067066384369838,27.0669,-1.2675079226144708,1,36,1,37,1,-1,1,36.0,0,0,0,0,1,62,4.42,4.57,-0.15,-3.2823,1,0,18.43352500000001,27.481208695685343,3.481,1,54,0.34,0.3,0.04,13.3333,1,0,76.26700000000001,141.78203932771834,-273.8227,1,45,-1.4,-0.91,-0.49,-53.8462,0,1,-53.965475000000005,101.54173822832249,-16.1413,67.1795,-14.598400000000003,34.99016854017711,45.0,62,8.504900548115382,3,0,0,0,0
2026-06-22,7896c9c5-acf7-4c60-85c1-8a740a3bd1d2,CMCSA-PH-ORCL,0.00016685155639954266,-473.026943698506,97.39634216173528,-570.4232858602413,-380.2091274622461,CMCSA,22.385,PH,958.45,ORCL,175.835,854.785337758765,-28.92148631058996,17.6868211247471,19395.079313746377,-27358.858405228784,3246.0622810248356,50000.0,Communication Services|Industrials|Technology,Software - Infrastructure|Specialty Industrial Machinery|Telecom Services,-2.2151817266040483,13.0,False,15.506567257731422,27.0669,-2.1348455941863564,1,31,1,45,1,79,0,31.0,0,0,0,0,1,60,0.79,0.73,0.06,8.2192,0,1,4.3652999999999995,7.945727008073488,-2.3071,1,53,8.17,7.83,0.34,4.3423,0,1,7.179025000000003,2.1522753732962268,-2.3523000000000005,1,12,1.79,1.58,0.21,13.2911,1,0,12.634625,18.18806020358319,10.039100000000001,8.9488,8.617533333333334,4.487678402396202,12.0,60,25.92939130279254,3,0,0,0,0
2026-06-22,82904980-90a0-4295-87ca-6ff426774aa0,AMAT-PLD-CCL,0.006889076331365069,1356.5117455730174,75.92446895608995,1280.5872766169275,1037.7927932645123,AMAT,622.96,PLD,144.72,CCL,30.165,-16.388916428974394,255.53708955586563,-142.67088829584742,-9717.316329067497,36015.3974020037,-4267.286268928797,49999.99999999999,Industrials|Real Estate|Technology,REIT - Industrial|Semiconductor Equipment & Materials|Travel Services,2.04212481206084,15.0,False,14.045299735888921,27.0669,-1.3794050087887009,1,52,1,24,1,1,0,1.0,1,1,1,1,1,39,2.86,2.69,0.17,6.3197,1,0,5.731125,1.6566169590942013,-1.3726000000000003,1,67,1.03,0.72,0.31,43.0556,0,1,36.60765,55.84398182779678,-68.5386,1,87,0.2,0.18,0.02,11.1111,0,1,29.15945,29.691150527219467,-24.8889,36.7359,20.162133333333333,19.97054056612723,39.0,87,24.11085509336683,3,0,0,0,0
2026-06-22,858ca50b-20b8-4ccc-b0bb-1d8cc5b0ee03,CHTR-RTX-RGTI,0.007955465802537027,1937.9149849849061,90.82192539621646,1847.0930595886896,683.2865663792863,CHTR,127.6,RTX,182.535,RGTI,22.035,66.15048493785555,-170.25441272565126,168.01577041754828,8731.864011796933,-32787.59480270592,3401.479272103265,44920.93808660612,Communication Services|Industrials|Technology,Aerospace & Defense|Computer Hardware|Telecom Services,-2.6238018335593987,12.0,False,26.732871685027366,27.0669,-0.7729137231495538,1,32,1,36,1,-1,1,32.0,0,0,0,0,1,59,9.31,10.24,-0.93,-9.082,0,1,-4.636100000000027,8.038074844596656,-16.1735,1,62,1.78,1.52,0.26,17.1053,0,1,12.560475,7.730677754839047,13.626999999999999,1,35,-0.0614,-0.0356,-0.0258,-72.4719,0,1,-7.924100000000003,47.316168648148306,-80.4474,89.5772,-21.482866666666666,46.058167685257885,35.0,62,14.798648586948742,3,0,0,0,0
2026-06-22,87b9f85f-2bd8-4516-8f81-d9b874ba60b4,CMI-MPWR-RKLB,0.0002634634284664263,71.00984571171102,78.97443999890552,-7.964594287194501,-820.7050095380092,CMI,722.68,MPWR,1524.09,RKLB,100.9,-38.22070174782811,8.568712596527044,34.69037191191742,-27434.055300556058,12409.29526941643,3745.8663590488427,43589.216929021335,Industrials|Industrials|Technology,Aerospace & Defense|Semiconductors|Specialty Industrial Machinery,-1.6601338047462997,11.0,True,23.90667596633924,27.0669,-2.0510815937260762,1,43,1,38,1,45,0,38.0,0,0,0,0,1,48,4.71,5.55,-0.84,-15.1351,0,1,-0.38432499999999914,18.910936644769908,-0.19489999999999874,1,53,5.1,4.9,0.2,4.0816,1,0,2.3151749999999995,1.2736571735696463,3.0267,1,46,-0.07,-0.08,0.01,12.5,1,0,9.829550000000001,43.30260822948968,37.5,27.6351,0.4821666666666668,14.16480244279225,46.0,53,3.605551275463989,3,0,0,0,0
2026-06-22,87e466c1-37cf-4b52-abcc-b70101199647,USO-WDC-MU,0.12037292592374978,2030.2170333483896,76.88622514232165,1953.330808206068,869.5380176330611,USO,111.93,WDC,735.03,MU,1187.1679,75.58864744859363,-31.39429982550049,14.625330028383297,8634.49119805285,-22356.822734733665,15256.998032309173,46248.31196509569,Technology|Technology|UNKNOWN,Computer Hardware|Semiconductors|UNKNOWN,0.02578800530121894,16.0,False,9.429507262946954,27.0669,-1.7104477361259445,0,-1,1,37,1,2,1,2.0,1,1,1,1,0,-1,0.0,0.0,0.0,0.0,0,0,0.0,0.0,0.0,1,53,8.2,2.14,6.06,283.1776,1,0,104.35665,128.27820122142086,272.81489999999997,1,96,12.2,9.31,2.89,31.0419,1,0,18.357075000000002,10.784211516333096,9.722099999999998,283.1776,104.73983333333332,155.3091346915671,53.0,96,30.405591591021544,2,0,0,0,0
2026-06-22,8937c1ee-0330-42d8-ad54-0bb4443650d3,NBIS-NOK-CI,0.0007566703533345705,691.0828477731962,64.00401380172853,627.0788339714677,917.7033767377525,NBIS,286.13,NOK,14.46,CI,281.9,-38.173392629004255,816.217159514719,49.53238724766417,-10723.287723413587,11288.283316088564,14121.188280436576,36132.75931993873,Communication Services|Healthcare|Technology,Communication Equipment|Healthcare Plans|Internet Content & Information,1.3606790162543234,10.0,True,24.573465532089678,27.0669,-1.511024977101902,1,45,1,31,1,38,0,31.0,0,0,0,0,1,40,-0.39,-0.78,0.39,50.0,0,1,14.1687,31.582643609531274,75.9259,1,60,0.06,0.05,0.01,20.0,0,1,-16.225499999999997,45.3251940756273,8.2353,1,53,7.79,7.61,0.18,2.3653,0,1,2.0224,0.8850387486814649,-0.17280000000000006,47.6347,24.12176666666667,24.083352784928707,40.0,60,10.14889156509222,3,0,0,0,0
2026-06-22,8997831a-72f6-4062-a9ec-1547a9fa7a1b,ON-STX-OXY,0.20807894329724969,2479.5005774732076,59.74605636445542,2419.754521108752,945.1916933466925,ON,129.63,STX,1097.0175,OXY,51.81,169.19934749088637,-14.237328909402832,41.22014908435502,19105.99031867089,-15177.989230447076,2186.3167074341904,36470.29625655216,Energy|Technology|Technology,Computer Hardware|Oil & Gas E&P|Semiconductors,-0.12821300141305525,15.0,True,10.413375530535333,27.0669,-1.1598320169955876,1,42,1,43,1,44,0,42.0,0,0,0,0,1,49,0.64,0.62,0.02,3.2258,1,0,-3.4308250000000005,13.812359519013679,26.9546,1,55,4.1,3.51,0.59,16.8091,1,0,10.3034,4.569571162227641,7.302100000000001,1,48,1.06,0.59,0.47,79.661,1,0,28.808349999999997,38.30531851223182,92.97200000000001,76.4352,33.231966666666665,40.77827683857342,48.0,55,3.7859388972001824,3,0,0,0,0
2026-06-22,9177e357-64f2-4ae5-ae68-e7ace086ee43,GEV-SHEL-GLW,0.0009923900527972122,1106.470454736604,82.59960798097401,1023.87084675563,723.0073051885715,GEV,1121.51,SHEL,79.54,GLW,211.1316,-21.52449210681721,214.3734329046567,53.008381407882545,-22576.178791156297,17231.336536876304,9297.670098942599,49105.18542697521,Energy|Technology|Utilities,Electronic Components|Oil & Gas Integrated|Utilities - Renewable,-0.6794648191293833,13.0,False,14.4388822872597,27.0669,-1.6646184107488622,1,30,1,38,1,43,0,30.0,0,0,0,0,1,61,2.01,1.67,0.34,20.3593,0,1,85.39707500000002,154.30942489120957,-295.4792,1,46,2.44,2.21,0.23,10.4072,0,1,4.7654250000000005,11.246088234392564,22.0351,1,55,0.7,0.69,0.01,1.4493,0,1,2.409050000000004,1.9032744074378212,0.04079999999999995,18.91,10.7386,9.459354865422906,46.0,61,7.54983443527075,3,0,0,0,0
2026-06-22,91d2c259-5426-4bbf-a32a-0261e3cad1ea,IONQ-MS-TTWO,0.0025099318357158255,1172.7396134128157,80.56684150982535,1092.1727719029905,459.3086834621272,IONQ,60.965,MS,227.34,TTWO,238.65,192.27840553635636,-90.34972495426385,-39.97315529022415,10515.705998783329,-20325.074125711195,-9115.078600829813,39955.85872532433,Communication Services|Financial Services|Technology,Capital Markets|Computer Hardware|Electronic Gaming & Multimedia,-2.9276122930884956,10.0,False,12.446308154613899,27.0669,-1.237621721720675,1,44,1,23,1,45,0,23.0,0,0,0,0,1,82,2.07,-0.5125,2.5825,503.9024,0,1,41.349575,586.7056121520819,-4.563199999999995,1,68,3.43,3.02,0.41,13.5762,0,1,16.790374999999973,12.55837060089052,2.8324,1,32,0.8,0.56,0.24,42.8571,1,0,159.73705,220.85824247005945,-5.335699999999996,490.3262,186.7785666666667,275.02724779051135,32.0,82,25.794056162870806,3,0,0,0,0
2026-06-22,9bea22cb-487f-4206-a794-34b063cad259,COF-MSFT-IREN,0.0002172340080865962,-18.816073911079116,73.45876605873245,-92.27483996981157,-557.995806326402,COF,201.12,MSFT,370.055,IREN,57.84,-72.32094011096291,73.58540600081061,-63.80642497050325,-14527.107240089119,27882.24618776715,-3707.791355035944,46117.14478289221,Financial Services|Financial Services|Technology,Capital Markets|Credit Services|Software - Infrastructure,1.5783828101657025,14.0,True,25.303384704304328,27.0669,-2.0531419279671903,1,36,1,37,1,66,0,36.0,0,0,0,0,1,62,4.42,4.57,-0.15,-3.2823,1,0,18.43352500000001,27.481208695685343,3.481,1,54,4.27,4.09,0.18,4.401,1,0,11.415300000000002,13.726602610260125,-27.2317,1,45,-0.16,-0.34,0.18,52.9412,0,1,-171.829625,319.69227086786026,695.7982999999999,56.2235,18.019966666666665,30.48569628306582,45.0,62,8.504900548115382,3,0,0,0,0
2026-06-22,a04e221f-cb1d-4254-87e7-28bb5691ee91,COF-TTD-TZA,0.0002634634284664263,663.8306419905464,87.27177716059711,576.5588648299492,-277.16061178100404,COF,201.12,TTD,18.105,TZA,3.9009,-136.06516324137397,736.162563663584,-21.64000052140584,-27331.409340294787,13368.712156130687,-92.40280222640294,40792.52429865188,Financial Services|Technology|UNKNOWN,Credit Services|Software - Application|UNKNOWN,-2.6075999279200537,17.0,False,14.475117856053808,27.0669,-2.1992293199286923,1,36,1,45,0,-1,1,36.0,0,0,0,0,1,62,4.42,4.57,-0.15,-3.2823,1,0,18.43352500000001,27.481208695685343,3.481,1,46,0.28,0.1206,0.1594,132.1725,1,0,50.64280000000001,66.28339364773117,58.59200000000001,0,-1,0.0,0.0,0.0,0.0,0,0,0.0,0.0,0.0,135.4548,42.96340000000001,77.27477606198546,46.0,62,11.313708498984761,2,0,0,0,0
2026-06-22,a448f9ec-ec1e-4e4d-8e54-1b435a1b0a11,CHTR-RTX-ASTS,0.0009923900527972122,1505.654811607716,99.20730584410128,1406.4475057636148,404.00421093127454,CHTR,127.6,RTX,182.535,ASTS,74.5801,76.1959775529721,-190.19581856550332,38.79457127078372,10057.869036992317,-36627.91073934463,3314.2202236630533,50000.0,Communication Services|Industrials|Technology,Aerospace & Defense|Communication Equipment|Telecom Services,-2.553186009254519,13.0,False,26.62152649513361,27.0669,-1.3078489108962643,1,32,1,36,1,-1,1,32.0,0,0,0,0,1,59,9.31,10.24,-0.93,-9.082,0,1,-4.636100000000027,8.038074844596656,-16.1735,1,62,1.78,1.52,0.26,17.1053,0,1,12.560475,7.730677754839047,13.626999999999999,1,42,-0.66,-0.2,-0.46,-230.0,1,0,-185.5244,174.5686291602436,-203.4793,247.1053,-73.99223333333333,135.7396814331142,42.0,62,10.785793124908958,3,0,0,0,0
2026-06-22,adbcaf8c-5d4c-4575-b2d3-64dff8c5fcc8,AXP-RKT-U,0.00034378047563807273,1088.020229622953,108.07080925048103,979.9494203724719,-726.4611552775461,AXP,337.02,RKT,13.46,U,27.135,-104.12714661637918,751.7660308771854,173.86454715005056,-35459.458508741765,9938.346928196392,4602.194563061838,49999.99999999999,Financial Services|Financial Services|Technology,Credit Services|Mortgage Finance|Software - Application,-3.3070223005158947,10.0,False,27.792657692849136,27.0669,-1.2921512423302828,1,32,1,38,1,44,0,32.0,0,0,0,0,1,60,4.28,3.99,0.29,7.2682,0,1,3.9698750000000143,3.3083543697474664,7.8316,1,46,0.15,0.1577,-0.0077,-4.8827,0,1,-67.88735,155.6707856215481,-4.8827,1,46,0.23,0.24,-0.01,-4.1667,0,1,-89.13895000000001,201.4081259195616,198.22240000000002,12.1509,-0.5937333333333331,6.818039366513905,46.0,60,8.082903768654761,3,0,0,0,0
2026-06-22,b12b0376-3ca7-47b4-b07b-7e49eeed74d1,COF-HUBS-USO,0.0003093801756066056,582.1064920858163,82.05733157322506,500.04916051259124,-298.0833887209112,COF,201.12,HUBS,171.885,USO,111.93,-146.63673596863845,30.61545246179738,65.29679493566408,-29454.921154020405,5410.056604524215,7458.852885500908,42323.83064404553,Financial Services|Technology|UNKNOWN,Credit Services|Software - Application|UNKNOWN,-2.2018674234281175,11.0,False,28.132688403756553,27.0669,-1.7215436760944132,1,36,1,44,0,-1,1,36.0,0,0,0,0,1,62,4.42,4.57,-0.15,-3.2823,1,0,18.43352500000001,27.481208695685343,3.481,1,46,2.72,2.47,0.25,10.1215,1,0,-18.680375000000005,48.64503283278321,6.776999999999999,0,-1,0.0,0.0,0.0,0.0,0,0,0.0,0.0,0.0,13.4038,2.279733333333333,6.986655255795389,46.0,62,11.313708498984761,2,0,0,0,0
2026-06-22,b4c3a864-5f2a-425c-912d-0e8b20f8f05a,NBIS-USO-CRCL,0.00034378047563807273,173.38448955487596,38.074383590329035,135.31010596454692,-378.90515837927546,NBIS,286.13,USO,111.93,CRCL,80.88,-21.720514595081724,117.67347323473582,-42.064076768340264,-6101.509754904408,13441.840847603873,-3389.943946760542,22933.294549268823,Communication Services|Financial Services|UNKNOWN,Capital Markets|Internet Content & Information|UNKNOWN,0.6109952768199949,12.0,False,27.23806155217413,27.0669,-1.8535979065601835,1,45,0,-1,1,-1,2,45.0,0,0,0,0,1,40,-0.39,-0.78,0.39,50.0,0,1,14.1687,31.582643609531274,75.9259,0,-1,0.0,0.0,0.0,0.0,0,0,0.0,0.0,0.0,1,42,0.21,0.18,0.03,16.6667,0,1,-9.923100000000003,313.5428589867208,-107.33330000000001,50.0,22.22223333333333,25.458750223907956,40.0,42,1.4142135623730951,2,0,0,0,0
2026-06-22,b6903e48-5d93-44ba-9651-93b985ea9303,BBAI-FISV-VST,0.0002634634284664263,-963.4363426138887,57.44337618234426,-1020.879718796233,-597.2276982329081,BBAI,3.83,FISV,47.455,VST,168.7,180.37119584896777,355.18063703515145,-83.38525335753228,699.840239893995,17322.15966820434,-13244.079790776852,31266.079698875183,Technology|Technology|Utilities,Information Technology Services|Information Technology Services|Utilities - Independent Power Producers,-0.003764710398803217,11.0,False,26.625644286308727,27.0669,-2.208029923388842,1,-1,1,30,1,45,1,30.0,0,0,0,0,1,47,-0.12,-0.08,-0.04,-50.0,0,1,-251.90474999999998,557.1456924429282,-135.71429999999998,1,48,1.79,1.64,0.15,9.1463,0,1,-1.8724249999999998,14.42968674674425,4.4095,1,46,2.87,2.21,0.66,29.8643,0,1,2.2659499999999966,19.7345686007214,43.0117,79.8643,-3.6631333333333345,41.444393955797366,46.0,48,1.0,3,0,0,0,0
2026-06-22,b6cb3c3d-4fae-4dfa-86d4-ca484a1ddde4,AMAT-MPC-RIOT,0.0005361063697947655,415.99891595174176,76.73382613917451,339.2650898125672,265.42243689003726,AMAT,622.96,MPC,246.995,RIOT,29.0061,-34.81965740783559,77.0608508524566,210.17151079329318,-20645.271270253877,18849.85472701941,5765.004541060031,45260.13053833332,Energy|Financial Services|Technology,Capital Markets|Oil & Gas Refining & Marketing|Semiconductor Equipment & Materials,-0.21160249038710793,15.0,False,7.660562686176505,27.0669,-1.8361002268307307,1,52,1,43,1,38,0,38.0,0,0,0,0,1,39,2.86,2.69,0.17,6.3197,1,0,5.731125,1.6566169590942013,-1.3726000000000003,1,48,1.65,0.75,0.9,120.0,0,1,47.104775000000004,53.52171392761193,69.8155,1,53,-0.35,-0.28,-0.07,-25.0,1,0,-61.52690000000008,951.36768452554,1357.2187,145.0,33.77323333333333,76.29890149512858,39.0,53,7.094598884597588,3,0,0,0,0
2026-06-22,beaac578-533a-4bdd-9b45-72e4bf285649,SAP-SOFI-HIMS,0.00016685155639954266,-362.8932599157931,60.96611826251115,-423.85937817830427,-77.71258783701768,SAP,149.77,SOFI,17.265,HIMS,33.49,108.20757277810662,-719.9295818000321,-36.41177785196303,17182.28048143555,-12541.17331495656,-1161.171595699101,30884.625392091213,Consumer Defensive|Financial Services|Technology,Credit Services|Household & Personal Products|Software - Application,1.4979883227844402,10.0,False,26.76784623165785,27.0669,-1.8413107364637349,1,36,1,43,1,42,0,36.0,0,0,0,0,1,60,2.01,1.92,0.09,4.6875,1,0,6.840149999999998,3.697313163636954,-7.521800000000001,1,54,0.12,0.12,0.0,0.0,1,0,21.022725,21.907567924557632,-9.0909,1,42,-0.19,0.13,-0.32,-246.1538,1,0,-50.5938,130.5293353231883,-261.94329999999997,250.8413,-80.48876666666666,143.489270038088,42.0,60,9.16515138991168,3,0,0,0,0
2026-06-22,c218cabf-1979-4cd0-aba6-bd84b613d4a4,NBIS-NOK-AMD,0.011613717143742057,720.6547585178552,75.69536164207696,644.9593968757782,1251.1346433530994,NBIS,286.13,NOK,14.46,AMD,544.4888,-23.38370865372929,1429.2808691011112,-16.96949404430859,-6568.717597919095,19766.954419668367,-8696.526307827266,35032.19832541473,Communication Services|Technology|Technology,Communication Equipment|Internet Content & Information|Semiconductors,-1.1171784456659413,10.0,True,26.48647839049397,27.0669,-1.3687514495142712,1,45,1,31,1,43,0,31.0,0,0,0,0,1,40,-0.39,-0.78,0.39,50.0,0,1,14.1687,31.582643609531274,75.9259,1,60,0.06,0.05,0.01,20.0,0,1,-16.225499999999997,45.3251940756273,8.2353,1,48,1.37,1.29,0.08,6.2016,1,0,8.1012,6.708453234997167,-9.7075,43.7984,25.400533333333332,22.393063230682248,40.0,60,10.066445913694334,3,0,0,0,0
2026-06-22,c28ae4fb-1ea9-43ba-9144-87e8b7664d82,LIN-SLB-C,5.859060358995407e-05,-1024.894796373736,92.12859553945886,-1117.023391913195,-690.2928028133674,LIN,514.35,SLB,47.465,C,145.06,-2.0900356229736885,483.16975960669697,-171.1219997418554,-1078.1448761109773,24317.93400100506,-24603.92112288397,50000.00000000001,Basic Materials|Energy|Financial Services,Banks - Diversified|Oil & Gas Equipment & Services|Specialty Chemicals,-0.7064210594707188,12.0,False,26.913137918929564,27.0669,-2.3825404226637317,1,39,1,32,1,22,0,22.0,0,0,0,0,1,52,4.33,4.27,0.06,1.4052,0,1,0.95975,0.4342871899247195,0.9267000000000001,1,59,0.52,0.51,0.01,1.9608,0,1,3.3204,1.957980032244849,-3.4446000000000003,1,69,3.06,2.6,0.46,17.6923,0,1,9.908949999999997,22.831576170517746,41.149100000000004,16.2871,7.019433333333333,9.247147398161951,52.0,69,8.54400374531753,3,0,0,0,0
2026-06-22,c2c8ffc7-e6ee-47fd-9a25-e83e601cf3b7,HIMS-U-INTU,0.0002634634284664263,-150.71507666615304,50.00539202016688,-200.72046868631992,286.30797011757704,HIMS,33.49,U,27.135,INTU,257.6,-334.96368746318666,321.4983736418895,26.146676309031477,-10681.991993201023,8510.061950300815,7035.547661234189,26227.601604736024,Consumer Defensive|Technology|Technology,Household & Personal Products|Software - Application|Software - Application,1.1301187596587798,14.0,False,26.852846239135346,27.0669,-1.9350483304353174,1,42,1,44,1,59,0,42.0,0,0,0,0,1,42,-0.19,0.13,-0.32,-246.1538,1,0,-50.5938,130.5293353231883,-261.94329999999997,1,46,0.23,0.24,-0.01,-4.1667,0,1,-89.13895000000001,201.4081259195616,198.22240000000002,1,33,12.8,12.57,0.23,1.8298,1,0,10.052425000000003,11.546588655924735,-25.076,247.9836,-82.83023333333333,141.47413217476662,33.0,46,6.658328118479393,3,0,0,0,0
2026-06-22,c4501e77-f314-4c99-8e1d-8ae5c91459b7,AXP-CVNA-ACN,0.003930337218930253,1787.5177689945126,95.25073414529906,1692.2670348492136,371.19334625049873,AXP,337.02,CVNA,68.03,ACN,119.5561,-94.6783051686098,263.6301836047646,7.605003631088453,-32241.750042118383,16571.793341395503,1186.4566164861094,49999.99999999999,Consumer Cyclical|Financial Services|Technology,Auto & Truck Dealerships|Credit Services|Information Technology Services,-2.2408739816653194,13.0,False,36.55125215711496,27.0669,-1.3271364886309132,1,32,1,37,1,-1,1,32.0,0,0,0,0,1,60,4.28,3.99,0.29,7.2682,0,1,3.9698750000000143,3.3083543697474664,7.8316,1,54,0.34,0.3,0.04,13.3333,1,0,76.26700000000001,141.78203932771834,-273.8227,1,4,0.0,3.7,0.0,0.0,0,1,3.701066666666667,2.0006850859976226,0.0,13.3333,6.867166666666667,6.6756904529294445,4.0,60,30.74627348693388,3,0,1,1,1
2026-06-22,c4a661bb-e889-4d47-b474-ac4ff03d8d73,ACN-TDG-WULF,0.0002634634284664263,312.2896559636645,87.1653020185569,225.12435394510757,99.35919820454191,ACN,119.5561,TDG,1285.78,WULF,28.645,92.30650298599518,-22.475725921911277,110.28505897468195,14400.737530845106,-29594.912107676675,3072.541743034639,47068.19138155642,Financial Services|Industrials|Technology,Aerospace & Defense|Capital Markets|Information Technology Services,-2.8187867898748236,33.0,False,16.95964656666284,27.0669,-2.4939086034480775,1,-1,1,43,1,-1,2,43.0,0,0,0,0,1,4,0.0,3.7,0.0,0.0,0,1,3.701066666666667,2.0006850859976226,0.0,1,48,9.2,8.52,0.68,7.9812,0,1,2.2217000000000002,4.516509253099527,5.618,1,45,-0.44,-0.16,-0.28,-175.0,0,1,-608.4294749999999,1037.4762134800885,-59.615399999999994,182.9812,-55.67293333333333,103.41729312747135,4.0,48,24.583192089989726,3,0,1,1,1
2026-06-22,c6751890-dcb7-48b8-b3bb-3e2294012d53,ACN-SE-TZA,0.001294873528911248,-715.7185245883171,71.55418396293659,-787.2727085512537,-928.970065922334,ACN,119.5561,SE,90.065,TZA,3.9009,136.75242385457565,-113.33434749173557,-946.4229164616303,21334.745645552346,-10295.29212614926,-4041.225853291161,35671.26362499277,Consumer Cyclical|Technology|UNKNOWN,Information Technology Services|Internet Retail|UNKNOWN,1.4080134093537593,34.0,False,20.546533673317644,27.0669,-2.97550220136172,1,-1,1,50,0,-1,2,50.0,0,0,0,0,1,4,0.0,3.7,0.0,0.0,0,1,3.701066666666667,2.0006850859976226,0.0,1,41,0.81,0.77,0.04,5.1948,0,1,-5.9097250000000034,10.429713614277029,9.483,0,-1,0.0,0.0,0.0,0.0,0,0,0.0,0.0,0.0,5.1948,1.7316,2.9992191783862676,4.0,41,26.16295090390226,2,0,1,1,1
2026-06-22,c81ed1b5-dc72-47e7-9c6c-697513e692ef,SLB-TER-HIMS,0.00034378047563807273,-2127.7773029432624,67.32313428892121,-2195.1004372321836,-341.5395043057065,SLB,47.465,TER,449.28,HIMS,33.49,564.3487832953145,-19.13018864260975,-129.88155137131682,28403.67426325318,-7815.829871824639,-4141.922673231294,40361.426808309116,Consumer Defensive|Energy|Technology,Household & Personal Products|Oil & Gas Equipment & Services|Semiconductor Equipment & Materials,1.1733563116433527,12.0,False,26.584521868103128,27.0669,-2.5930344030994763,1,32,1,43,1,42,0,32.0,0,0,0,0,1,59,0.52,0.51,0.01,1.9608,0,1,3.3204,1.957980032244849,-3.4446000000000003,1,55,2.56,2.12,0.44,20.7547,1,0,16.085,11.700041602488524,-9.6801,1,42,-0.19,0.13,-0.32,-246.1538,1,0,-50.5938,130.5293353231883,-261.94329999999997,266.9085,-74.47943333333333,148.97103341624282,42.0,59,8.888194417315589,3,0,0,0,0
2026-06-22,cbf3c65c-f06a-4512-8730-cf6629131a8c,HOOD-SHOP-IGV,0.0002634634284664263,-218.33682531241786,66.73200025480075,-285.0688255672186,-159.87687956353443,HOOD,105.8545,SHOP,107.8,IGV,87.295,-141.57488715193335,57.00713288302361,219.814663034937,-14893.67812838339,6161.900993326022,19598.675356194984,40654.2544779044,Financial Services|Technology|UNKNOWN,Capital Markets|Software - Application|UNKNOWN,1.1560003078188195,15.0,False,9.97334282107341,27.0669,-2.1059420995002918,1,37,1,44,0,-1,1,37.0,0,0,0,0,1,55,0.38,0.39,-0.01,-2.5641,1,0,16.2218,15.814762302568298,-14.9237,1,48,-0.45,0.24,-0.69,-287.5,0,1,-68.0163,146.7882912937769,-281.6176,0,-1,0.0,0.0,0.0,0.0,0,0,0.0,0.0,0.0,287.5,-96.68803333333334,165.25298369349744,48.0,55,4.949747468305833,2,0,0,0,0
2026-06-22,d2e8cca9-9b6b-4a30-8c72-a28c97e340b0,USO-WDC-TZA,0.0013080597491379698,700.0878215393034,102.8317129525673,597.2561085867361,-82.97712682643703,USO,111.93,WDC,735.03,TZA,3.9009,169.27986635376823,-13.67741199609702,-2471.481533903169,19336.839133590944,-9740.09540478057,-10553.22614976653,39630.16068813804,Technology|UNKNOWN|UNKNOWN,Computer Hardware|UNKNOWN|UNKNOWN,0.31743171887385385,17.0,False,23.290209843547615,27.0669,-2.059721088113814,0,-1,1,37,0,-1,2,37.0,0,0,0,0,0,-1,0.0,0.0,0.0,0.0,0,0,0.0,0.0,0.0,1,53,8.2,2.14,6.06,283.1776,1,0,104.35665,128.27820122142086,272.81489999999997,0,-1,0.0,0.0,0.0,0.0,0,0,0.0,0.0,0.0,283.1776,94.39253333333333,163.49266358847214,53.0,53,0.0,1,0,0,0,0
2026-06-22,d8eef29e-d833-4964-a9bb-2239dd8ce74f,AFRM-MSFT-GDX,0.00016685155639954266,-299.598777149094,74.33020546372776,-373.92898261282176,-517.210855128478,AFRM,72.46,MSFT,370.055,GDX,81.385,-104.30178788410288,81.12734903048474,-109.9917933074826,-7377.265457042597,30739.963821140973,-9278.907683419231,47396.1369616028,Technology|Technology|UNKNOWN,Software - Infrastructure|Software - Infrastructure|UNKNOWN,2.3075439001123277,10.0,False,27.060955964205192,27.0669,-1.771027987630783,1,66,1,37,0,-1,1,37.0,0,0,0,0,1,46,0.62,0.73,-0.11,-15.0685,1,0,102.16137499999999,162.03413007699692,-0.7827999999999999,1,54,4.27,4.09,0.18,4.401,1,0,11.415300000000002,13.726602610260125,-27.2317,0,-1,0.0,0.0,0.0,0.0,0,0,0.0,0.0,0.0,19.4695,-3.5558333333333336,10.21020668661185,46.0,54,5.656854249492381,2,0,0,0,0
2026-06-22,dbde3852-b629-48d8-ac9a-bdce1a511250,SAP-SE-MARA,0.00016685155639954266,-802.6057093624634,54.25381037874009,-856.8595197412035,-639.2503441423462,SAP,149.77,SE,90.065,MARA,15.115,112.51534014068194,-120.69884655248914,-165.76174893512137,17866.310860938884,-10964.283220828114,-2307.4035451768896,31137.99762694389,Consumer Cyclical|Financial Services|Technology,Capital Markets|Internet Retail|Software - Application,1.088151570617418,10.0,False,27.587279822109085,27.0669,-2.1815142116602484,1,36,1,50,1,43,0,36.0,0,0,0,0,1,60,2.01,1.92,0.09,4.6875,1,0,6.840149999999998,3.697313163636954,-7.521800000000001,1,41,0.81,0.77,0.04,5.1948,0,1,-5.9097250000000034,10.429713614277029,9.483,1,42,-0.6278,-0.0405,-0.5873,-1450.1235,0,1,-60.93997499999995,1018.4432948451619,-1350.1235,1455.3183,-480.0804,840.0820056586915,41.0,60,10.692676621563626,3,0,0,0,0
2026-06-22,e1a5b500-1c0c-44ef-ba48-d1ebe8dc34f3,HIMS-U-EWZ,0.00034378047563807273,84.98541479552756,68.98500876157001,16.000406033957546,779.8909297114553,HIMS,33.49,U,27.135,EWZ,34.31,-419.730777959783,488.86875821730035,248.06817472504,-13385.21450913748,12940.35603001194,8461.605439871115,34787.17597902053,Consumer Defensive|Technology|UNKNOWN,Household & Personal Products|Software - Application|UNKNOWN,0.7367807610262302,10.0,False,26.837082057337096,27.0669,-1.5741094568087564,1,42,1,44,0,-1,1,42.0,0,0,0,0,1,42,-0.19,0.13,-0.32,-246.1538,1,0,-50.5938,130.5293353231883,-261.94329999999997,1,46,0.23,0.24,-0.01,-4.1667,0,1,-89.13895000000001,201.4081259195616,198.22240000000002,0,-1,0.0,0.0,0.0,0.0,0,0,0.0,0.0,0.0,246.1538,-83.44016666666666,140.9295398474831,42.0,46,2.8284271247461903,2,0,0,0,0
2026-06-22,e89ec6ba-1a40-4684-9cd9-bc9928fcf8f5,FISV-RBLX-HWM,0.00034378047563807273,120.62343683845396,64.5310394255932,56.09239741286075,569.8770310601935,FISV,47.455,RBLX,46.79,HWM,278.225,435.5214636074323,-166.2022609561577,-24.161361057584713,21240.381780134474,-7981.0325711146925,-6843.2222923397185,36064.636643588885,Communication Services|Industrials|Technology,Aerospace & Defense|Electronic Gaming & Multimedia|Information Technology Services,0.35420373039354414,13.0,False,25.60168183494884,27.0669,-1.8665728080357438,1,30,1,38,1,38,0,30.0,0,0,0,0,1,48,1.79,1.64,0.15,9.1463,0,1,-1.8724249999999998,14.42968674674425,4.4095,1,53,-0.35,-0.4,0.05,12.5,1,0,8.1936,16.565533357546908,4.3367,1,46,1.22,1.1063,0.1137,10.2775,0,1,6.87955,2.874828971723152,2.030099999999999,3.3537,10.641266666666667,1.7061859697387425,46.0,53,3.605551275463989,3,0,0,0,0
2026-06-22,eaa77288-81b8-49a2-9dff-47faec9ab300,COF-SAP-ARM,0.0003093801756066056,-190.79740570030367,73.62218456393646,-264.4195902642401,-580.0484339652774,COF,201.12,SAP,149.77,ARM,403.465,-117.83710942985628,105.6629743190024,0.47937776751222627,-23669.940171175233,16778.223692114392,200.80175925552135,40648.96562254514,Financial Services|Technology|Technology,Credit Services|Semiconductors|Software - Application,-0.9912772522164894,14.0,False,16.516549637930478,27.0669,-2.2032755106005375,1,36,1,36,1,37,0,36.0,0,0,0,0,1,62,4.42,4.57,-0.15,-3.2823,1,0,18.43352500000001,27.481208695685343,3.481,1,60,2.01,1.92,0.09,4.6875,1,0,6.840149999999998,3.697313163636954,-7.521800000000001,1,48,0.29,0.37,-0.08,-21.6216,1,0,-4.1859,11.849070783820984,-26.4996,26.3091,-6.7388,13.4908387393075,48.0,62,7.571877794400365,3,0,0,0,0
2026-06-22,ef2a6eef-343c-4b14-95a4-8e9a1993a2a6,GEV-XOP-BE,0.0002172340080865962,-327.79535055891415,64.0981481939531,-391.89349875286723,-87.3764651230199,GEV,1121.51,XOP,153.965,BE,340.785,-16.464968259262633,132.31520766678756,4.842431678015703,-17269.446608410202,20608.093594102163,1380.0446039176952,39257.58480643006,Industrials|UNKNOWN|Utilities,Electrical Equipment & Parts|UNKNOWN|Utilities - Renewable,-0.24017799138431156,12.0,False,16.32187847822505,27.0669,-2.1318453502565795,1,30,0,-1,1,38,1,30.0,0,0,0,0,1,61,2.01,1.67,0.34,20.3593,0,1,85.39707500000002,154.30942489120957,-295.4792,0,-1,0.0,0.0,0.0,0.0,0,0,0.0,0.0,0.0,1,55,0.44,0.13,0.31,238.4615,1,0,184.615375,168.8515523930977,188.4615,238.4615,86.2736,132.19112282574048,55.0,61,4.242640687119285,2,0,0,0,0
2026-06-22,f2b722b2-a9bd-426c-9b47-310434234889,MPWR-RIOT-WDC,0.007447666618083069,1146.9585694530476,75.35067452409942,1071.607894928948,795.119436368793,MPWR,1524.09,RIOT,29.0061,WDC,735.03,1.856534797978181,652.5744956165843,-27.701735458880126,2688.6522597799817,17900.118414762906,-19727.236872332305,40316.00754687519,Financial Services|Technology|Technology,Capital Markets|Computer Hardware|Semiconductors,-1.245503084040533,13.0,False,27.722787280992673,27.0669,-1.4895750435365795,1,38,1,38,1,37,0,37.0,0,0,0,0,1,53,5.1,4.9,0.2,4.0816,1,0,2.3151749999999995,1.2736571735696463,3.0267,1,53,-0.35,-0.28,-0.07,-25.0,1,0,-61.52690000000008,951.36768452554,1357.2187,1,53,8.2,2.14,6.06,283.1776,1,0,104.35665,128.27820122142086,272.81489999999997,308.1776,87.41973333333333,170.15372942152436,53.0,53,0.0,3,0,0,0,0
2026-06-22,f57f159c-ca7d-409e-9895-908265065145,STX-TXN-NOK,0.07621236866227335,2109.217156478536,75.98510456847816,2033.2320519100576,249.36440758827007,STX,1097.0175,TXN,328.46,NOK,14.46,-16.15592087589884,93.0809014779629,202.77992252055404,-17223.342568169475,28099.26253816744,2804.4463284592625,48127.05143479618,Technology|Technology|Technology,Communication Equipment|Computer Hardware|Semiconductors,1.0335375779845763,14.0,False,17.001469411855798,27.0669,-0.7406646993012997,1,43,1,36,1,31,0,31.0,0,0,0,0,1,55,4.1,3.51,0.59,16.8091,1,0,10.3034,4.569571162227641,7.302100000000001,1,61,1.68,1.37,0.31,22.6277,1,0,7.7396,10.75078115022421,25.6811,1,60,0.06,0.05,0.01,20.0,0,1,-16.225499999999997,45.3251940756273,8.2353,5.8186,19.81226666666667,2.9138392789125027,55.0,61,3.2145502536643185,3,0,0,0,0
2026-06-22,f6cd1fa2-3a6d-4849-ab04-49411d31f59f,AMAT-MPC-CRWD,0.00034378047563807273,263.7778018955471,63.763965982749454,200.01383591279765,88.52689333649975,AMAT,622.96,MPC,246.995,CRWD,681.98,-28.397397847137952,74.89031537342584,7.0018442601312465,-16837.385131525032,18318.920043493694,4781.979555899236,39938.28473091796,Energy|Technology|Technology,Oil & Gas Refining & Marketing|Semiconductor Equipment & Materials|Software - Infrastructure,0.5956248533953842,17.0,False,12.786331632172068,27.0669,-2.064838634798337,1,52,1,43,1,-1,1,43.0,0,0,0,0,1,39,2.86,2.69,0.17,6.3197,1,0,5.731125,1.6566169590942013,-1.3726000000000003,1,48,1.65,0.75,0.9,120.0,0,1,47.104775000000004,53.52171392761193,69.8155,1,19,1.1,1.07,0.03,2.8037,1,0,4.699450000000113,4.916417877913307,0.9855,117.1963,43.041133333333335,66.67151515424959,19.0,48,14.843629385474879,3,0,0,0,0
2026-06-22,f7270ae5-5d27-473c-931a-88e322bd6c7c,HOOD-TTD-PANW,0.0003093801756066056,334.0420341742455,61.90809653780829,272.13393763643717,63.95822102070551,HOOD,105.8545,TTD,18.105,PANW,286.5196,-144.08674767753394,500.6032135713774,30.00429889620681,-15157.92585567657,9090.954358456214,8465.112847586826,32713.993061719608,Financial Services|Technology|Technology,Capital Markets|Software - Application|Software - Infrastructure,0.10869492916993795,12.0,False,13.757306544094345,27.0669,-1.7507516429155308,1,37,1,45,1,-1,1,37.0,0,0,0,0,1,55,0.38,0.39,-0.01,-2.5641,1,0,16.2218,15.814762302568298,-14.9237,1,46,0.28,0.1206,0.1594,132.1725,1,0,50.64280000000001,66.28339364773117,58.59200000000001,1,20,0.32,0.43,-0.11,-25.5814,1,0,-1.1927250000000011,16.391435837325748,-35.1559,157.75390000000002,34.67566666666667,85.21545286709058,20.0,55,18.175074506954115,3,0,0,0,0
2026-06-22,f764bf67-d09b-43bb-a1f2-dd5f7c5c62ed,AXP-MSFT-VRT,0.00016685155639954266,-599.7343150269369,78.2435442190722,-677.9778592460091,-1077.26117211902,AXP,337.02,MSFT,370.055,VRT,353.595,-43.94775645502127,69.87508661512831,-20.889194508643712,-14965.968983192945,26476.36906933827,-6633.99039205507,48076.32844458629,Financial Services|Industrials|Technology,Credit Services|Electrical Equipment & Parts|Software - Infrastructure,0.6352125966099516,11.0,True,27.069777449292705,27.0669,-2.124937045264324,1,32,1,37,1,37,0,32.0,0,0,0,0,1,60,4.28,3.99,0.29,7.2682,0,1,3.9698750000000143,3.3083543697474664,7.8316,1,54,4.27,4.09,0.18,4.401,1,0,11.415300000000002,13.726602610260125,-27.2317,1,61,1.17,1.01,0.16,15.8416,0,1,10.811050000000002,16.14143011559591,28.1493,11.4406,9.170266666666667,5.952749389427824,54.0,61,3.7859388972001824,3,0,0,0,0
2026-06-22,f85dfc1d-2283-44a7-a643-d3dc458b94be,COF-SAP-OKLO,0.0002634634284664263,-180.47555083933537,73.00230845669421,-253.47785929602958,-565.6569275372611,COF,201.12,SAP,149.77,OKLO,59.1361,-116.75414331673844,105.94496866712991,0.5840379973390849,-23452.40476803325,16823.001574653557,34.35311500348497,40309.75945769029,Financial Services|Technology|Utilities,Credit Services|Software - Application|Utilities - Regulated Electric,-0.9918437982351246,15.0,False,27.207511737451767,27.0669,-2.213922464070482,1,36,1,36,1,49,0,36.0,0,0,0,0,1,62,4.42,4.57,-0.15,-3.2823,1,0,18.43352500000001,27.481208695685343,3.481,1,60,2.01,1.92,0.09,4.6875,1,0,6.840149999999998,3.697313163636954,-7.521800000000001,1,83,0.0,-0.1837,0.0,0.0,0,1,-66.35103333333333,2.5713732380366445,0.0,7.9698,0.4683999999999999,4.005493344146261,60.0,83,12.741009902410928,3,0,0,0,0
