date,uuid,calibrated_tail_p,GrossPnL,total_costs,NetPnL,ticker1,price1,ticker2,price2,ticker3,price3,shares1,shares2,shares3,bp1,bp2,bp3,total_bp,spread,half_life,is_stationary,traceT,critical_vals,zscore_composed,ticker1_has_earnings,ticker1_has_earnings,ticker1_days_to_earnings,ticker2_has_earnings,ticker2_days_to_earnings,ticker3_has_earnings,ticker3_days_to_earnings,ticker1_days_to_earnings_missing,ticker2_days_to_earnings_missing,ticker3_days_to_earnings_missing,n_unknown_earnings,min_days_to_earnings,earnings_within_3d,earnings_within_5d,earnings_within_10d,n_earnings_next_5d,ticker1_has_earnings_history,ticker1_days_since_last_earnings,ticker1_last_reportedEPS,ticker1_last_estimatedEPS,ticker1_last_surprise,ticker1_last_surprise_pct,ticker1_last_report_time_post_market,ticker1_last_report_time_pre_market,ticker1_surprise_pct_mean_4q,ticker1_surprise_pct_std_4q,ticker1_surprise_momentum,ticker2_has_earnings_history,ticker2_days_since_last_earnings,ticker2_last_reportedEPS,ticker2_last_estimatedEPS,ticker2_last_surprise,ticker2_last_surprise_pct,ticker2_last_report_time_post_market,ticker2_last_report_time_pre_market,ticker2_surprise_pct_mean_4q,ticker2_surprise_pct_std_4q,ticker2_surprise_momentum,ticker3_has_earnings_history,ticker3_days_since_last_earnings,ticker3_last_reportedEPS,ticker3_last_estimatedEPS,ticker3_last_surprise,ticker3_last_surprise_pct,ticker3_last_report_time_post_market,ticker3_last_report_time_pre_market,ticker3_surprise_pct_mean_4q,ticker3_surprise_pct_std_4q,ticker3_surprise_momentum,max_surprise_diff,mean_last_surprise_pct,std_last_surprise_pct,min_days_since_last_earnings,max_days_since_last_earnings,std_days_since_last_earnings,n_assets_with_earnings_history,any_earnings_last_3d,any_earnings_last_5d,any_earnings_last_10d,n_earnings_last_5d
2026-06-18,0029669f-9554-4374-a610-3c8fc21a7001,0.000529905583165135,105.69174377553178,39.77046906044116,65.92127471509062,ACN,127.98,SOFI,17.91,NOK,13.49,122.94876888574333,-824.2958733167785,12.171146947925426,19181.237433864815,-14359.234113178283,168.32696228980865,33708.798509332904,1.5447414075910295,106.0,False,8.807495978010964,27.0669,-3.480444727619426,1,1,0,1,47,1,35,0,0,0,0,0.0,1,1,1,1,1,0,0.0,3.7,0.0,0.0,0,1,3.701066666666667,2.0006850859976226,0.0,1,50,0.12,0.12,0.0,0.0,1,0,21.022725,21.907567924557632,-9.0909,1,56,0.06,0.05,0.01,20.0,0,1,-16.225499999999997,45.3251940756273,8.2353,20.0,6.666666666666667,11.547005383792515,0.0,56,30.74627348693388,3,1,1,1,1
2026-06-18,003751a4-8a2f-4969-940c-f3d3bf8fcfc6,0.00034378047563807273,-728.4448850211724,44.637568349348456,-773.0824533705209,CIFR,29.18,IONQ,56.55,XLE,53.77,-545.8385060474723,180.11568614583186,302.90721120674,-14382.844634350895,9850.526875315543,16559.937236672475,40793.30874633891,1.4025452477511,10.0,True,25.56298679072838,27.0669,-2.5145202549521635,1,1,49,1,48,0,-1,0,0,1,1,48.0,0,0,0,0,1,44,-0.1881,-0.114,-0.0741,-65.0,0,1,-71.25,163.62431563391357,235.0,1,78,2.07,-0.5125,2.5825,503.9024,0,1,41.349575,586.7056121520819,-4.563199999999995,0,-1,0.0,0.0,0.0,0.0,0,0,0.0,0.0,0.0,568.9024,146.3008,311.3927234890372,44.0,78,24.041630560342615,2,0,0,0,0
2026-06-18,027b3cb8-caa4-4bf8-ab71-d24f9e4ffe34,0.00016685155639954266,-81.2469412746345,47.66633856111601,-128.9132798357505,SAP,155.22,TDG,1328.31,F,14.06,67.2884778998868,-20.567720251984962,503.5817089833194,10684.737405723024,-27082.5456418012,7030.000657407139,44797.28370493136,-2.7296982662585134,11.0,False,14.934683238440584,27.0669,-2.313666559382478,1,1,40,1,47,1,41,0,0,0,0,40.0,0,0,0,0,1,56,2.01,1.92,0.09,4.6875,1,0,6.840149999999998,3.697313163636954,-7.521800000000001,1,44,9.2,8.52,0.68,7.9812,0,1,2.2217000000000002,4.516509253099527,5.618,1,50,0.66,0.19,0.47,247.3684,1,0,63.227675000000005,125.12569705378584,278.9473,242.6809,86.67903333333334,139.1708178273137,44.0,56,6.0,3,0,0,0,0
2026-06-18,03365384-37a1-4826-b88a-5681904bd2b8,0.00016685155639954266,-912.2542424989169,43.219891562819186,-955.4741340617361,CMI,716.86,GEV,1109.73,SLB,48.09,-15.232622151093024,-9.146105958432102,490.2492508250048,-10933.67152761155,-9592.984695561094,24674.244794022492,45200.90101719514,-0.9642989883534692,15.0,False,11.218377126609559,27.0669,-3.317735980691555,1,1,47,1,34,1,36,0,0,0,0,34.0,0,0,0,0,1,44,4.71,5.55,-0.84,-15.1351,0,1,-0.38432499999999914,18.910936644769908,-0.19489999999999874,1,57,2.01,1.67,0.34,20.3593,0,1,85.39707500000002,154.30942489120957,-295.4792,1,55,0.52,0.51,0.01,1.9608,0,1,3.3204,1.957980032244849,-3.4446000000000003,35.4944,2.3950000000000005,17.751183201972765,44.0,57,7.0,3,0,0,0,0
2026-06-18,06adc9c7-71bc-40bf-b68a-0fe52bc3e100,0.007955465802537027,1915.568273690213,38.95836714849388,1876.609906541719,STX,1070.23,TXN,322.86,DELL,409.5,-16.897674300203406,98.41129089350872,5.431402899574892,-18014.103641217844,29708.40049493241,2277.4958638497437,49999.99999999999,1.193424447116876,11.0,False,22.936468539623544,27.0669,-0.6680025286556295,1,1,47,1,40,1,-1,0,0,1,1,40.0,0,0,0,0,1,51,4.1,3.51,0.59,16.8091,1,0,10.3034,4.569571162227641,7.302100000000001,1,57,1.68,1.37,0.31,22.6277,1,0,7.7396,10.75078115022421,25.6811,1,21,4.63,2.79,1.84,65.9498,1,0,20.10755,30.71270144576457,57.2149,49.140699999999995,35.12886666666667,26.849794694621654,21.0,57,19.28730152198591,3,0,0,0,0
2026-06-18,0da4e7f8-8f18-4153-b0c4-9642c5924b8d,0.0002634634284664263,-650.7340309544851,42.426634804403236,-693.1606657588883,BSX,45.29,RBLX,51.53,PANW,287.78,527.8603280329636,-308.95012146142335,8.61027731154939,23727.321745081714,-14835.78483257755,2429.2175379074297,40992.3241155667,1.1159145700631432,10.0,True,30.071103936193346,27.0669,-2.2787560894604955,1,1,34,1,42,1,-1,0,0,1,1,34.0,0,0,0,0,1,57,0.8,0.79,0.01,1.2658,0,1,3.05085,1.8431652204837798,-1.2982999999999998,1,49,-0.35,-0.4,0.05,12.5,1,0,8.1936,16.565533357546908,4.3367,1,16,0.32,0.43,-0.11,-25.5814,1,0,-1.1927250000000011,16.391435837325748,-35.1559,38.0814,-3.9385333333333326,19.566861541221506,16.0,57,21.73323108360405,3,0,0,0,0
2026-06-18,0dede3fe-56e3-4d12-b3de-b9eaec317c8b,0.0002172340080865962,1.2944577954269514,47.801159947372,-46.50670215194505,FISV,47.86,NU,12.71,TTWO,239.28,384.7499945302606,-870.3952928925726,-28.996712955065643,18764.257233240813,-11219.395325385261,-6612.1204551436185,36595.77301376969,0.21430222939617383,11.0,False,12.544131735787252,27.0669,-2.1039821643789196,1,1,34,1,56,1,49,0,0,0,0,34.0,0,0,0,0,1,44,1.79,1.64,0.15,9.1463,0,1,-1.8724249999999998,14.42968674674425,4.4095,1,35,0.18,0.19,-0.01,-5.2632,1,0,-0.8991250000000002,5.59501147057207,-0.2632000000000003,1,28,0.8,0.56,0.24,42.8571,1,0,159.73705,220.85824247005945,-5.335699999999996,48.1203,15.580066666666667,24.696879016655796,28.0,44,8.020806277010642,3,0,0,0,0
2026-06-18,13510d83-7c7b-40d1-983d-3e00e7a4609a,0.00016685155639954266,-324.12639554990596,34.16292376361596,-358.2893193135219,MSFT,379.4,TTWO,239.28,HIMS,35.47,75.29023284294185,-37.93429712286334,-152.5345511653491,28528.222126519096,-8650.157772926528,-4864.326836662983,42042.70673610861,2.4897488714145766,15.0,False,30.534346148245998,27.0669,-2.3436656194856225,1,1,41,1,49,1,46,0,0,0,0,41.0,0,0,0,0,1,50,4.27,4.09,0.18,4.401,1,0,11.415300000000002,13.726602610260125,-27.2317,1,28,0.8,0.56,0.24,42.8571,1,0,159.73705,220.85824247005945,-5.335699999999996,1,38,-0.19,0.13,-0.32,-246.1538,1,0,-50.5938,130.5293353231883,-261.94329999999997,289.0109,-66.29856666666666,156.94153887624313,28.0,50,11.015141094572202,3,0,0,0,0
2026-06-18,13a99290-8cc4-4c3e-9e1f-0e83fe8e67c7,0.0002634634284664263,-1310.2315588095316,41.10779695602733,-1351.339355765559,ADBE,195.16,RBLX,51.53,HCA,375.17,82.63494853309285,-326.2875788256458,41.133915308413144,16219.587698075466,-15668.329535207513,15966.540566113646,47854.45779939662,2.474415160332246,12.0,False,12.029133557514815,27.0669,-2.7306863858090002,1,1,84,1,42,1,36,0,0,0,0,36.0,0,0,0,0,1,7,5.96,5.81,0.15,2.5818,1,0,1.95515,0.7901165926620132,1.7046,1,49,-0.35,-0.4,0.05,12.5,1,0,8.1936,16.565533357546908,4.3367,1,55,7.15,7.13,0.02,0.2805,0,1,9.264975000000002,8.858352168950784,-6.8051,12.2195,5.1207666666666665,6.4933665277214505,7.0,55,26.153393661244042,3,0,0,1,0
2026-06-18,1b835b94-6e59-415a-b432-b4ed10f445a4,5.859060358995407e-05,347.59395733226404,37.97345549254432,309.62050183971974,BABA,107.1,SCHW,91.7,SE,91.28,188.13187941776212,-99.0409857402566,-111.13580716999628,20212.889124644364,-9360.363562311652,-10095.576723322463,39668.82941027848,0.16649084091284072,14.0,False,26.39127746548154,27.0669,-2.0335990239315143,1,1,71,1,29,1,54,0,0,0,0,29.0,0,0,0,0,1,36,0.62,5.74,-5.12,-89.1986,0,1,-38.403075,36.15202189840148,-54.0066,1,63,1.43,1.4,0.03,2.1429,0,1,2.6448250000000013,2.071636088336972,2.1429,1,37,0.81,0.77,0.04,5.1948,0,1,-5.9097250000000034,10.429713614277029,9.483,94.3934,-27.286966666666668,53.638757255396335,36.0,63,15.307950004273378,3,0,0,0,0
2026-06-18,1ee9a553-2dbd-4462-af15-2d4071eab59d,0.0002634634284664263,-239.8841220881925,32.01075628176767,-271.89487836996017,HOOD,108.15,WDAY,116.93,XLK,191.44,-132.42946027391005,100.26192718166745,58.652927535191665,-13931.579220815338,12214.910588542545,10897.713936038612,37044.203745396495,1.354496642724777,11.0,False,12.64077188013183,27.0669,-2.410972038232117,1,1,41,1,63,0,-1,0,0,1,1,41.0,0,0,0,0,1,51,0.38,0.39,-0.01,-2.5641,1,0,16.2218,15.814762302568298,-14.9237,1,28,2.66,2.52,0.14,5.5556,1,0,8.111749999999997,3.64515136265647,-0.9098999999999995,0,-1,0.0,0.0,0.0,0.0,0,0,0.0,0.0,0.0,8.1197,0.9971666666666668,4.150679226745104,28.0,51,16.263455967290593,2,0,0,0,0
2026-06-18,1ef6919f-4328-4dc3-8b11-b5a39b63dbd3,0.000529905583165135,545.3401341390297,24.49157383401633,520.8485603050134,NBIS,286.69,USO,114.87,CRWD,684.86,-40.27136005009617,49.74994560019428,19.885232528065444,-11312.627751672517,5682.936285910193,13580.818407367577,30576.382444950286,1.6882116484498746,11.0,False,18.908998392265772,27.0669,-2.1398644120162675,1,1,49,0,-1,1,-1,0,1,1,2,49.0,0,0,0,0,1,36,-0.39,-0.78,0.39,50.0,0,1,14.1687,31.582643609531274,75.9259,0,-1,0.0,0.0,0.0,0.0,0,0,0.0,0.0,0.0,1,15,1.1,1.07,0.03,2.8037,1,0,4.699450000000113,4.916417877913307,0.9855,50.0,17.601233333333333,28.09315298366015,15.0,36,14.849242404917497,2,0,0,0,0
2026-06-18,248a1ea1-ed3a-4b85-a90d-1f5c5674c736,0.00023225741047688724,-396.22859724141114,32.821343909753054,-429.0499411511642,GEV,1109.73,XOP,153.36,TQQQ,82.87,-15.743107980843712,134.6831912638259,19.924543376483246,-16512.316236787734,20976.907039340884,1544.949093412511,39034.17236954113,-0.08673062178310176,12.0,False,16.034013537920355,27.0669,-2.6693245272942745,1,1,34,0,-1,0,-1,0,1,1,2,34.0,0,0,0,0,1,57,2.01,1.67,0.34,20.3593,0,1,85.39707500000002,154.30942489120957,-295.4792,0,-1,0.0,0.0,0.0,0.0,0,0,0.0,0.0,0.0,0,-1,0.0,0.0,0.0,0.0,0,0,0.0,0.0,0.0,20.3593,6.786433333333334,11.754447335512348,57.0,57,0.0,1,0,0,0,0
2026-06-18,249a1649-62b1-42c6-b1b6-3f185ff63d25,0.00016685155639954266,-37.339454881473515,24.39464853666955,-61.734103418143064,AXON,423.4,CRM,151.78,MP,60.88,-11.656846352124257,110.27165364488096,-98.13708826764136,-4930.962575412082,17094.311748029446,-5970.660450203301,27995.93477364483,1.1250961600856848,12.0,True,26.24524767813174,27.0669,-2.4483732938002793,1,1,46,1,76,1,49,0,0,0,0,46.0,0,0,0,0,1,43,1.61,1.6,0.01,0.625,1,0,14.044874999999987,31.695336676907264,-33.75,1,22,3.88,3.13,0.75,23.9617,1,0,22.185300000000005,12.73035384766144,-0.9562999999999988,1,42,-0.04,-0.04,0.0,0.0,1,0,63.322374999999994,92.40610659418473,-200.0,23.9617,8.195566666666666,13.657447655522367,22.0,43,11.846237095944574,3,0,0,0,0
2026-06-18,2c5fed37-3ba0-409e-b369-55cc6bf44960,0.00016685155639954266,52.23789935708139,39.81728036940241,12.420618987678978,ACN,127.98,TDG,1328.31,DELL,409.5,92.02368926571953,-20.047646772845763,5.959090295456732,14356.615762344902,-26397.738888144657,2498.765742690917,43253.12039318047,-2.431205542775582,21.0,False,20.356513344056367,27.0669,-3.2478742451660403,1,1,0,1,47,1,-1,0,0,1,1,0.0,1,1,1,1,1,0,0.0,3.7,0.0,0.0,0,1,3.701066666666667,2.0006850859976226,0.0,1,44,9.2,8.52,0.68,7.9812,0,1,2.2217000000000002,4.516509253099527,5.618,1,21,4.63,2.79,1.84,65.9498,1,0,20.10755,30.71270144576457,57.2149,65.9498,24.643666666666665,35.99406029573954,0.0,44,22.00757445365875,3,1,1,1,1
2026-06-18,3adda5eb-b1ef-4aa7-a2a9-fe4b617ae3df,0.003217963306308852,1517.0166983995618,30.83017709491851,1486.1865213046433,ON,121.62,STX,1070.23,EQT,50.72,171.54888428993775,-13.934569993228145,31.875545929970862,19371.30001401977,-14855.227032680728,1629.7966633994104,35856.3237100999,-0.11785214615868514,17.0,False,9.970978712968176,27.0669,-1.8452907278870683,1,1,46,1,47,1,40,0,0,0,0,40.0,0,0,0,0,1,45,0.64,0.62,0.02,3.2258,1,0,-3.4308250000000005,13.812359519013679,26.9546,1,51,4.1,3.51,0.59,16.8091,1,0,10.3034,4.569571162227641,7.302100000000001,1,58,2.33,2.09,0.24,11.4833,1,0,22.70135,16.04204867145416,-13.638300000000001,13.583300000000001,10.506066666666667,6.844176244321397,45.0,58,6.506407098647712,3,0,0,0,0
2026-06-18,3f15078a-6aa2-4dc9-a1d4-a450d07b338b,0.00034378047563807273,-2144.889154788289,44.427640723986265,-2189.3167955122753,SLB,48.09,SNXX,42.78,DRAM,76.71,438.25951470739204,-298.63931481134415,201.99294047177062,22057.60137522304,-10452.376018397044,14129.406186000355,46639.38357962044,2.304767612975768,9.0,False,26.508908869732164,27.0669,-2.8652645940652017,1,1,36,0,-1,0,-1,0,1,1,2,36.0,0,0,0,0,1,55,0.52,0.51,0.01,1.9608,0,1,3.3204,1.957980032244849,-3.4446000000000003,0,-1,0.0,0.0,0.0,0.0,0,0,0.0,0.0,0.0,0,-1,0.0,0.0,0.0,0.0,0,0,0.0,0.0,0.0,1.9608,0.6536000000000001,1.1320684078270182,55.0,55,0.0,1,0,0,0,0
2026-06-18,48283b78-1b48-43ee-9689-84638802b611,0.0002634634284664263,-176.76444351027962,34.8688201654785,-211.63326367575812,AMAT,617.11,UNP,256.88,DELL,409.5,-26.77872715617835,93.91863141029512,10.2519626954294,-15877.642905441266,24235.70283542666,4298.852997447456,44412.19873831538,1.3130888528772342,13.0,False,14.293803635853768,27.0669,-2.504022962348137,1,1,56,1,35,1,-1,0,0,1,1,35.0,0,0,0,0,1,35,2.86,2.69,0.17,6.3197,1,0,5.731125,1.6566169590942013,-1.3726000000000003,1,56,2.93,2.86,0.07,2.4476,0,1,1.8073999999999923,1.920390225969843,2.796,1,21,4.63,2.79,1.84,65.9498,1,0,20.10755,30.71270144576457,57.2149,63.502199999999995,24.9057,35.59791985790743,21.0,56,17.61628034896508,3,0,0,0,0
2026-06-18,48e1eb61-f54d-4879-8901-95c68a98ff9c,0.00016685155639954266,-99.81304342994838,40.03254161809019,-139.84558504803857,SAP,155.22,TDG,1328.31,RIOT,28.1,77.61189935006911,-20.240713114435927,93.0793265360891,12323.993497797474,-26651.958993433505,2553.165926884924,41529.118418115904,-2.9131971414124145,10.0,True,14.197501429657523,27.0669,-2.1866679064857415,1,1,40,1,47,1,42,0,0,0,0,40.0,0,0,0,0,1,56,2.01,1.92,0.09,4.6875,1,0,6.840149999999998,3.697313163636954,-7.521800000000001,1,44,9.2,8.52,0.68,7.9812,0,1,2.2217000000000002,4.516509253099527,5.618,1,49,-0.35,-0.28,-0.07,-25.0,1,0,-61.52690000000008,951.36768452554,1357.2187,32.9812,-4.110433333333333,18.165698763420398,44.0,56,6.027713773341708,3,0,0,0,0
2026-06-18,4ed2ca4f-a479-494e-aebe-31c0cdd481f0,0.00016685155639954266,-337.55073387725076,51.76805466348533,-389.3187885407361,CAT,985.82,MPWR,1563.7,NOK,13.49,-30.746450844807942,6.0552325317016935,659.8495140354897,-29391.147291568806,8769.24830473571,9125.718779110823,47286.11437541534,-2.4186021005253586,9.0,False,25.18752250759818,27.0669,-2.2897991371117095,1,1,47,1,42,1,35,0,0,0,0,35.0,0,0,0,0,1,49,5.54,4.64,0.9,19.3966,0,1,8.697624999999999,9.467693752045616,9.8425,1,49,5.1,4.9,0.2,4.0816,1,0,2.3151749999999995,1.2736571735696463,3.0267,1,56,0.06,0.05,0.01,20.0,0,1,-16.225499999999997,45.3251940756273,8.2353,15.9184,14.492733333333334,9.02135221867173,49.0,56,4.041451884327381,3,0,0,0,0
2026-06-18,4f2f2030-e59a-47ed-8889-dee13ab51c56,0.00016685155639954266,-163.4118881159713,27.59542727728753,-191.00731539325884,ADSK,193.82,CRM,151.78,SE,91.28,-9.979540927296187,119.533701939987,-119.0415336456484,-1926.7499668330747,18530.114474736787,-10813.732916370702,31270.59735794056,1.0906645809811069,11.0,False,28.274539526517504,27.0669,-2.282030577704726,1,1,-1,1,76,1,54,1,0,0,1,54.0,0,0,0,0,1,21,2.35,2.12,0.23,10.8491,1,0,7.57185,2.254075332222396,5.1496,1,22,3.88,3.13,0.75,23.9617,1,0,22.185300000000005,12.73035384766144,-0.9562999999999988,1,37,0.81,0.77,0.04,5.1948,0,1,-5.9097250000000034,10.429713614277029,9.483,18.7669,13.3352,9.627286939216052,21.0,37,8.962886439832502,3,0,0,0,0
2026-06-18,4fa52cc5-10f6-4e68-a09e-30c311d844cc,0.00016685155639954266,106.80673810707069,35.139277155203516,71.66746095186717,AXP,338.0,MSFT,379.4,GEV,1109.73,-24.538440254695892,61.062920516638854,-10.404740771974785,-8356.32044433414,23137.35121295963,-10913.116406093472,42406.78806338724,0.28822399681782507,12.0,True,28.70052057024834,27.0669,-2.303101593719828,1,1,36,1,41,1,34,0,0,0,0,34.0,0,0,0,0,1,56,4.28,3.99,0.29,7.2682,0,1,3.9698750000000143,3.3083543697474664,7.8316,1,50,4.27,4.09,0.18,4.401,1,0,11.415300000000002,13.726602610260125,-27.2317,1,57,2.01,1.67,0.34,20.3593,0,1,85.39707500000002,154.30942489120957,-295.4792,15.958300000000001,10.676166666666667,8.507497418355962,50.0,57,3.7859388972001824,3,0,0,0,0
2026-06-18,52deafde-140b-4f47-97b2-6ac7a324a661,0.00016685155639954266,-148.6226635972162,27.12994411214552,-175.7526077093617,AXON,423.4,CRM,151.78,SE,91.28,-8.437516750704049,119.50084687348789,-99.30991463740159,-3569.1539607153195,18525.021282328093,-9021.312645661561,31115.487888704974,0.9876655860800201,13.0,False,27.16575675259774,27.0669,-2.438362265436851,1,1,46,1,76,1,54,0,0,0,0,46.0,0,0,0,0,1,43,1.61,1.6,0.01,0.625,1,0,14.044874999999987,31.695336676907264,-33.75,1,22,3.88,3.13,0.75,23.9617,1,0,22.185300000000005,12.73035384766144,-0.9562999999999988,1,37,0.81,0.77,0.04,5.1948,0,1,-5.9097250000000034,10.429713614277029,9.483,23.3367,9.927166666666666,12.36716873109336,22.0,43,10.816653826391969,3,0,0,0,0
2026-06-18,5405d37e-8223-4339-ae71-6bfa34c52610,0.0002634634284664263,240.19848413457004,43.59892322253508,196.59956091203497,CIFR,29.18,NVDA,210.69,HWM,277.66,-383.9847100974958,154.89311354782197,-23.419936449196538,-10117.997111069015,31698.875687561766,-6633.228600505936,48450.101399136714,2.0257378263946118,9.0,False,19.297827011590794,27.0669,-1.730163419263959,1,1,49,1,69,1,42,0,0,0,0,42.0,0,0,0,0,1,44,-0.1881,-0.114,-0.0741,-65.0,0,1,-71.25,163.62431563391357,235.0,1,29,1.87,1.77,0.1,5.6497,1,0,4.494875,1.13318215474661,0.4549000000000003,1,42,1.22,1.1063,0.1137,10.2775,0,1,6.87955,2.874828971723152,2.030099999999999,75.2775,-16.3576,42.18905594499597,29.0,44,8.144527815247077,3,0,0,0,0
2026-06-18,556aef84-191d-43f2-b46e-0910e4dac4ef,0.0002634634284664263,-1457.0397948888783,43.938744425127766,-1500.978539314006,SLB,48.09,TER,437.92,CCL,30.87,568.5071094942057,-23.440168750502888,-202.61874319376338,28612.96282084337,-9576.71534470546,-6060.326608925463,44250.00477447429,0.7183859905529616,11.0,False,26.507317506282426,27.0669,-2.903588831287201,1,1,36,1,47,1,5,0,0,0,0,5.0,0,1,1,1,1,55,0.52,0.51,0.01,1.9608,0,1,3.3204,1.957980032244849,-3.4446000000000003,1,51,2.56,2.12,0.44,20.7547,1,0,16.085,11.700041602488524,-9.6801,1,83,0.2,0.18,0.02,11.1111,0,1,29.15945,29.691150527219467,-24.8889,18.7939,11.275533333333334,9.398028944589036,51.0,83,17.435595774162696,3,0,0,0,0
2026-06-18,56097e7d-f438-4884-9ea2-f190eb99b59b,0.00034378047563807273,649.2111627322258,33.61072479165735,615.6004379405684,ON,121.62,WDC,746.23,MPC,242.91,73.93957674973919,-20.618947174033284,78.50016194052807,8349.257006580548,-14683.370851044323,19201.924612272574,42234.55246989745,1.1465305120972307,18.0,False,7.265069923012622,27.0669,-2.67808791966571,1,1,46,1,41,1,47,0,0,0,0,41.0,0,0,0,0,1,45,0.64,0.62,0.02,3.2258,1,0,-3.4308250000000005,13.812359519013679,26.9546,1,49,8.2,2.14,6.06,283.1776,1,0,104.35665,128.27820122142086,272.81489999999997,1,44,1.65,0.75,0.9,120.0,0,1,47.104775000000004,53.52171392761193,69.8155,279.9518,135.46779999999998,140.6154053026908,44.0,49,2.6457513110645907,3,0,0,0,0
2026-06-18,5c4c2ed2-e57b-4fd7-be31-7df761199a69,5.859060358995407e-05,-126.01654956038188,47.21559599857375,-173.2321455589556,CIEN,428.22,XBI,140.72,AGQ,84.95,14.853001284833255,-249.57226223138133,29.435367969255317,6486.602721112379,-34787.87763243224,2597.9655769664746,43872.445930511094,-2.763486629871068,11.0,True,26.684975768375477,27.0669,-2.148006906904917,1,1,-1,0,-1,0,-1,1,1,1,3,-1.0,0,0,0,0,1,14,1.64,1.46,0.18,12.3288,0,1,-28.933774999999997,40.63623048228231,23.5357,0,-1,0.0,0.0,0.0,0.0,0,0,0.0,0.0,0.0,0,-1,0.0,0.0,0.0,0.0,0,0,0.0,0.0,0.0,12.3288,4.1095999999999995,7.118035998785059,14.0,14,0.0,1,0,0,0,0
2026-06-18,5e80dcf9-a3f3-4294-835d-82a14b90cb19,0.0002634634284664263,-128.2568601050814,31.994242910097178,-160.25110301517856,CIFR,29.18,ON,121.62,ADBE,195.16,-421.8749232316513,99.94243276429953,52.01619214343447,-11116.404227154011,11285.499507744702,10209.73819391332,32611.64192881203,2.16253701461837,11.0,True,17.856160448391748,27.0669,-2.318910644974248,1,1,49,1,46,1,84,0,0,0,0,46.0,0,0,0,0,1,44,-0.1881,-0.114,-0.0741,-65.0,0,1,-71.25,163.62431563391357,235.0,1,45,0.64,0.62,0.02,3.2258,1,0,-3.4308250000000005,13.812359519013679,26.9546,1,7,5.96,5.81,0.15,2.5818,1,0,1.95515,0.7901165926620132,1.7046,68.2258,-19.7308,39.2055995424123,7.0,45,21.656407827707714,3,0,0,1,0
2026-06-18,6584ab98-0f6b-4d18-8177-0323e906524b,0.0008890704230695478,1252.0589681888484,51.850290007913586,1200.2086781809348,ACN,127.98,SCHW,91.7,NVDL,99.73,76.38073975986569,-342.64801855822657,60.1538260460676,11916.159209936646,-32383.664233937994,5700.176556125366,50000.00000000001,-1.2455147330561478,20.0,False,22.044081175059663,27.0669,-2.4875060440597094,1,1,0,1,29,0,-1,0,0,1,1,0.0,1,1,1,1,1,0,0.0,3.7,0.0,0.0,0,1,3.701066666666667,2.0006850859976226,0.0,1,63,1.43,1.4,0.03,2.1429,0,1,2.6448250000000013,2.071636088336972,2.1429,0,-1,0.0,0.0,0.0,0.0,0,0,0.0,0.0,0.0,2.1429,0.7143,1.237203891846449,0.0,63,44.54772721475249,2,1,1,1,1
2026-06-18,66f55dab-e546-4882-b20e-b18704b42421,0.000529905583165135,1262.9773336565297,49.540188389752245,1213.4371452667774,ISRG,406.78,SCHW,91.7,SMCI,30.66,45.39576869455715,-303.4812779772965,110.17689578073131,18257.270253576993,-28682.015581634292,3060.714164788716,50000.0,-0.18857951623164879,11.0,False,27.412716344715555,27.0669,-1.2973597951905917,1,1,40,1,29,1,47,0,0,0,0,29.0,0,0,0,0,1,58,2.5,2.11,0.39,18.4834,1,0,15.740625000000001,4.492729253935012,7.0297,1,63,1.43,1.4,0.03,2.1429,0,1,2.6448250000000013,2.071636088336972,2.1429,1,44,0.84,0.62,0.22,35.4839,1,0,14.806399999999998,27.079150486798255,-5.3324,33.341,18.7034,16.671588714036822,44.0,63,9.848857801796104,3,0,0,0,0
2026-06-18,77fc8156-9343-4ab5-940b-1179a8a98b45,0.0005361063697947655,1171.6159561810312,46.41674586745394,1125.1992103135772,COF,201.53,CVNA,66.56,CRWV,117.95,-127.09722860748408,287.11012109392504,-19.61081607414014,-25530.020310385327,18047.742211964127,-2259.362119901685,45837.12464225114,-1.5374472853689949,12.0,True,26.067066384369838,27.0669,-1.8566344878804029,1,1,40,1,41,1,-1,0,0,1,1,40.0,0,0,0,0,1,58,4.42,4.57,-0.15,-3.2823,1,0,18.43352500000001,27.481208695685343,3.481,1,50,0.34,0.3,0.04,13.3333,1,0,76.26700000000001,141.78203932771834,-273.8227,1,41,-1.4,-0.91,-0.49,-53.8462,0,1,-53.965475000000005,101.54173822832249,-16.1413,67.1795,-14.598400000000003,34.99016854017711,41.0,58,8.504900548115382,3,0,0,0,0
2026-06-18,7896c9c5-acf7-4c60-85c1-8a740a3bd1d2,0.00016685155639954266,-135.2062318007689,55.00792659722635,-190.21415839799525,CMCSA,22.43,PH,953.27,ORCL,184.29,854.785337758765,-28.92148631058996,17.6868211247471,19395.079313746377,-27358.858405228784,3246.0622810248356,50000.0,-2.2083884518366177,13.0,False,15.506567257731422,27.0669,-2.33471067369638,1,1,35,1,49,1,83,0,0,0,0,35.0,0,0,0,0,1,56,0.79,0.73,0.06,8.2192,0,1,4.3652999999999995,7.945727008073488,-2.3071,1,49,8.17,7.83,0.34,4.3423,0,1,7.179025000000003,2.1522753732962268,-2.3523000000000005,1,8,1.79,1.58,0.21,13.2911,1,0,12.634625,18.18806020358319,10.039100000000001,8.9488,8.617533333333334,4.487678402396202,8.0,56,25.92939130279254,3,0,0,1,0
2026-06-18,82904980-90a0-4295-87ca-6ff426774aa0,0.00016685155639954266,283.65889609042506,40.86441273800978,242.79448335241528,AMAT,617.11,PLD,140.54,CCL,30.87,-16.388916428974394,255.53708955586563,-142.67088829584742,-9717.316329067497,36015.3974020037,-4267.286268928797,49999.99999999999,2.020875485700412,15.0,False,14.045299735888921,27.0669,-2.4632195326538118,1,1,56,1,28,1,5,0,0,0,0,5.0,0,1,1,1,1,35,2.86,2.69,0.17,6.3197,1,0,5.731125,1.6566169590942013,-1.3726000000000003,1,63,1.03,0.72,0.31,43.0556,0,1,36.60765,55.84398182779678,-68.5386,1,83,0.2,0.18,0.02,11.1111,0,1,29.15945,29.691150527219467,-24.8889,36.7359,20.162133333333333,19.97054056612723,35.0,83,24.11085509336683,3,0,0,0,0
2026-06-18,858ca50b-20b8-4ccc-b0bb-1d8cc5b0ee03,0.00034378047563807273,1212.0484005840788,48.24190737467562,1163.8064932094032,CHTR,126.23,RTX,185.6,RGTI,21.36,66.15048493785555,-170.25441272565126,168.01577041754828,8731.864011796933,-32787.59480270592,3401.479272103265,44920.93808660612,-2.640410135174618,12.0,False,26.732871685027366,27.0669,-1.5522171806358773,1,1,36,1,40,1,-1,0,0,1,1,36.0,0,0,0,0,1,55,9.31,10.24,-0.93,-9.082,0,1,-4.636100000000027,8.038074844596656,-16.1735,1,58,1.78,1.52,0.26,17.1053,0,1,12.560475,7.730677754839047,13.626999999999999,1,31,-0.0614,-0.0356,-0.0258,-72.4719,0,1,-7.924100000000003,47.316168648148306,-80.4474,89.5772,-21.482866666666666,46.058167685257885,31.0,58,14.798648586948742,3,0,0,0,0
2026-06-18,87b9f85f-2bd8-4516-8f81-d9b874ba60b4,0.00034378047563807273,852.7979937540614,40.05757850324667,812.7404152508147,CMI,716.86,MPWR,1563.7,RKLB,107.24,-38.22070174782811,8.568712596527044,34.69037191191742,-27434.055300556058,12409.29526941643,3745.8663590488427,43589.216929021335,-1.6425035165287507,11.0,True,23.90667596633924,27.0669,-1.7319110427762976,1,1,47,1,42,1,49,0,0,0,0,42.0,0,0,0,0,1,44,4.71,5.55,-0.84,-15.1351,0,1,-0.38432499999999914,18.910936644769908,-0.19489999999999874,1,49,5.1,4.9,0.2,4.0816,1,0,2.3151749999999995,1.2736571735696463,3.0267,1,42,-0.07,-0.08,0.01,12.5,1,0,9.829550000000001,43.30260822948968,37.5,27.6351,0.4821666666666668,14.16480244279225,42.0,49,3.605551275463989,3,0,0,0,0
2026-06-18,87e466c1-37cf-4b52-abcc-b70101199647,0.002532396151824384,1123.087161085285,39.29437051227817,1083.7927905730069,USO,114.87,WDC,746.23,MU,1133.99,75.58864744859363,-31.39429982550049,14.625330028383297,8634.49119805285,-22356.822734733665,15256.998032309173,46248.31196509569,0.008199845698344532,16.0,False,9.429507262946954,27.0669,-2.335637592737587,0,0,-1,1,41,1,6,1,0,0,1,6.0,0,0,1,0,0,-1,0.0,0.0,0.0,0.0,0,0,0.0,0.0,0.0,1,49,8.2,2.14,6.06,283.1776,1,0,104.35665,128.27820122142086,272.81489999999997,1,92,12.2,9.31,2.89,31.0419,1,0,18.357075000000002,10.784211516333096,9.722099999999998,283.1776,104.73983333333332,155.3091346915671,49.0,92,30.405591591021544,2,0,0,0,0
2026-06-18,8937c1ee-0330-42d8-ad54-0bb4443650d3,0.00034378047563807273,-252.29507528968077,38.32946747660398,-290.6245427662848,NBIS,286.69,NOK,13.49,CI,279.27,-38.173392629004255,816.217159514719,49.53238724766417,-10723.287723413587,11288.283316088564,14121.188280436576,36132.75931993873,1.3347424411306346,10.0,True,24.573465532089678,27.0669,-2.59621512459987,1,1,49,1,35,1,42,0,0,0,0,35.0,0,0,0,0,1,36,-0.39,-0.78,0.39,50.0,0,1,14.1687,31.582643609531274,75.9259,1,56,0.06,0.05,0.01,20.0,0,1,-16.225499999999997,45.3251940756273,8.2353,1,49,7.79,7.61,0.18,2.3653,0,1,2.0224,0.8850387486814649,-0.17280000000000006,47.6347,24.12176666666667,24.083352784928707,36.0,56,10.14889156509222,3,0,0,0,0
2026-06-18,8997831a-72f6-4062-a9ec-1547a9fa7a1b,0.0025099318357158255,1506.0084537226799,31.44562596062022,1474.5628277620597,ON,121.62,STX,1070.23,OXY,51.82,169.19934749088637,-14.237328909402832,41.22014908435502,19105.99031867089,-15177.989230447076,2186.3167074341904,36470.29625655216,-0.1513273813942682,15.0,True,10.413375530535333,27.0669,-1.869052474484472,1,1,46,1,47,1,48,0,0,0,0,46.0,0,0,0,0,1,45,0.64,0.62,0.02,3.2258,1,0,-3.4308250000000005,13.812359519013679,26.9546,1,51,4.1,3.51,0.59,16.8091,1,0,10.3034,4.569571162227641,7.302100000000001,1,44,1.06,0.59,0.47,79.661,1,0,28.808349999999997,38.30531851223182,92.97200000000001,76.4352,33.231966666666665,40.77827683857342,44.0,51,3.7859388972001824,3,0,0,0,0
2026-06-18,9177e357-64f2-4ae5-ae68-e7ace086ee43,0.00023225741047688724,344.18568970248106,43.3221481354225,300.8635415670586,GEV,1109.73,SHEL,78.81,GLW,194.92,-21.52449210681721,214.3734329046567,53.008381407882545,-22576.178791156297,17231.336536876304,9297.670098942599,49105.18542697521,-0.692972584266734,13.0,False,14.4388822872597,27.0669,-2.346897665861605,1,1,34,1,42,1,47,0,0,0,0,34.0,0,0,0,0,1,57,2.01,1.67,0.34,20.3593,0,1,85.39707500000002,154.30942489120957,-295.4792,1,42,2.44,2.21,0.23,10.4072,0,1,4.7654250000000005,11.246088234392564,22.0351,1,51,0.7,0.69,0.01,1.4493,0,1,2.409050000000004,1.9032744074378212,0.04079999999999995,18.91,10.7386,9.459354865422906,42.0,57,7.54983443527075,3,0,0,0,0
2026-06-18,91d2c259-5426-4bbf-a32a-0261e3cad1ea,0.0003093801756066056,675.4057181962419,42.54162975537859,632.8640884408633,IONQ,56.55,MS,223.17,TTWO,239.28,192.27840553635636,-90.34972495426385,-39.97315529022415,10515.705998783329,-20325.074125711195,-9115.078600829813,39955.85872532433,-2.938581156656782,10.0,False,12.446308154613899,27.0669,-1.8218096335794662,1,1,48,1,27,1,49,0,0,0,0,27.0,0,0,0,0,1,78,2.07,-0.5125,2.5825,503.9024,0,1,41.349575,586.7056121520819,-4.563199999999995,1,64,3.43,3.02,0.41,13.5762,0,1,16.790374999999973,12.55837060089052,2.8324,1,28,0.8,0.56,0.24,42.8571,1,0,159.73705,220.85824247005945,-5.335699999999996,490.3262,186.7785666666667,275.02724779051135,28.0,78,25.794056162870806,3,0,0,0,0
2026-06-18,9bea22cb-487f-4206-a794-34b063cad259,0.00016685155639954266,503.9183387835326,38.19737242694217,465.72096635659045,COF,201.53,MSFT,379.4,IREN,59.96,-72.32094011096291,73.58540600081061,-63.80642497050325,-14527.107240089119,27882.24618776715,-3707.791355035944,46117.14478289221,1.5899254281956132,14.0,True,25.303384704304328,27.0669,-2.106496084636257,1,1,40,1,41,1,70,0,0,0,0,40.0,0,0,0,0,1,58,4.42,4.57,-0.15,-3.2823,1,0,18.43352500000001,27.481208695685343,3.481,1,50,4.27,4.09,0.18,4.401,1,0,11.415300000000002,13.726602610260125,-27.2317,1,41,-0.16,-0.34,0.18,52.9412,0,1,-171.829625,319.69227086786026,695.7982999999999,56.2235,18.019966666666665,30.48569628306582,41.0,58,8.504900548115382,3,0,0,0,0
2026-06-18,a04e221f-cb1d-4254-87e7-28bb5691ee91,0.0005361063697947655,903.6124392832364,49.892962672283105,853.7194766109533,COF,201.53,TTD,18.51,TZA,4.02,-136.06516324137397,736.162563663584,-21.64000052140584,-27331.409340294787,13368.712156130687,-92.40280222640294,40792.52429865188,-2.601782289366295,17.0,False,14.475117856053808,27.0669,-2.4094844279525045,1,1,40,1,49,0,-1,0,0,1,1,40.0,0,0,0,0,1,58,4.42,4.57,-0.15,-3.2823,1,0,18.43352500000001,27.481208695685343,3.481,1,42,0.28,0.1206,0.1594,132.1725,1,0,50.64280000000001,66.28339364773117,58.59200000000001,0,-1,0.0,0.0,0.0,0.0,0,0,0.0,0.0,0.0,135.4548,42.96340000000001,77.27477606198546,42.0,58,11.313708498984761,2,0,0,0,0
2026-06-18,a448f9ec-ec1e-4e4d-8e54-1b435a1b0a11,0.000529905583165135,1054.1832523261157,51.73995749377545,1002.4432948323403,CHTR,126.23,RTX,185.6,ASTS,80.66,76.1959775529721,-190.19581856550332,38.79457127078372,10057.869036992317,-36627.91073934463,3314.2202236630533,50000.0,-2.5623612767798143,13.0,False,26.62152649513361,27.0669,-1.8299361632970035,1,1,36,1,40,1,-1,0,0,1,1,36.0,0,0,0,0,1,55,9.31,10.24,-0.93,-9.082,0,1,-4.636100000000027,8.038074844596656,-16.1735,1,58,1.78,1.52,0.26,17.1053,0,1,12.560475,7.730677754839047,13.626999999999999,1,38,-0.66,-0.2,-0.46,-230.0,1,0,-185.5244,174.5686291602436,-203.4793,247.1053,-73.99223333333333,135.7396814331142,38.0,58,10.785793124908958,3,0,0,0,0
2026-06-18,adbcaf8c-5d4c-4575-b2d3-64dff8c5fcc8,0.004047324963354408,1767.654284347764,61.243708697745824,1706.410575650018,AXP,338.0,RKT,14.42,U,27.48,-104.12714661637918,751.7660308771854,173.86454715005056,-35459.458508741765,9938.346928196392,4602.194563061838,49999.99999999999,-3.2942248169083266,10.0,False,27.792657692849136,27.0669,-0.9510139567285703,1,1,36,1,42,1,48,0,0,0,0,36.0,0,0,0,0,1,56,4.28,3.99,0.29,7.2682,0,1,3.9698750000000143,3.3083543697474664,7.8316,1,42,0.15,0.1577,-0.0077,-4.8827,0,1,-67.88735,155.6707856215481,-4.8827,1,42,0.23,0.24,-0.01,-4.1667,0,1,-89.13895000000001,201.4081259195616,198.22240000000002,12.1509,-0.5937333333333331,6.818039366513905,42.0,56,8.082903768654761,3,0,0,0,0
2026-06-18,b12b0376-3ca7-47b4-b07b-7e49eeed74d1,0.0005361063697947655,840.8590579036777,42.72650867017523,798.1325492335025,COF,201.53,HUBS,176.03,USO,114.87,-146.63673596863845,30.61545246179738,65.29679493566408,-29454.921154020405,5410.056604524215,7458.852885500908,42323.83064404553,-2.1956695350816644,11.0,False,28.132688403756553,27.0669,-1.9129775631134436,1,1,40,1,48,0,-1,0,0,1,1,40.0,0,0,0,0,1,58,4.42,4.57,-0.15,-3.2823,1,0,18.43352500000001,27.481208695685343,3.481,1,42,2.72,2.47,0.25,10.1215,1,0,-18.680375000000005,48.64503283278321,6.776999999999999,0,-1,0.0,0.0,0.0,0.0,0,0,0.0,0.0,0.0,13.4038,2.279733333333333,6.986655255795389,42.0,58,11.313708498984761,2,0,0,0,0
2026-06-18,b4c3a864-5f2a-425c-912d-0e8b20f8f05a,0.00034378047563807273,534.522662591174,20.30739824735162,514.2152643438224,NBIS,286.69,USO,114.87,CRCL,80.23,-21.720514595081724,117.67347323473582,-42.064076768340264,-6101.509754904408,13441.840847603873,-3389.943946760542,22933.294549268823,0.6268645822795641,12.0,False,27.23806155217413,27.0669,-1.894523881777718,1,1,49,0,-1,1,-1,0,1,1,2,49.0,0,0,0,0,1,36,-0.39,-0.78,0.39,50.0,0,1,14.1687,31.582643609531274,75.9259,0,-1,0.0,0.0,0.0,0.0,0,0,0.0,0.0,0.0,1,38,0.21,0.18,0.03,16.6667,0,1,-9.923100000000003,313.5428589867208,-107.33330000000001,50.0,22.22223333333333,25.458750223907956,36.0,38,1.4142135623730951,2,0,0,0,0
2026-06-18,b6903e48-5d93-44ba-9651-93b985ea9303,0.0002172340080865962,-390.5977728684611,33.05424769486369,-423.6520205633248,BBAI,3.92,FISV,47.86,VST,163.75,180.37119584896777,355.18063703515145,-83.38525335753228,699.840239893995,17322.15966820434,-13244.079790776852,31266.079698875183,0.014078445470307344,11.0,False,26.625644286308727,27.0669,-2.2918039580155605,1,1,-1,1,34,1,49,1,0,0,1,34.0,0,0,0,0,1,43,-0.12,-0.08,-0.04,-50.0,0,1,-251.90474999999998,557.1456924429282,-135.71429999999998,1,44,1.79,1.64,0.15,9.1463,0,1,-1.8724249999999998,14.42968674674425,4.4095,1,42,2.87,2.21,0.66,29.8643,0,1,2.2659499999999966,19.7345686007214,43.0117,79.8643,-3.6631333333333345,41.444393955797366,42.0,44,1.0,3,0,0,0,0
2026-06-18,b6cb3c3d-4fae-4dfa-86d4-ca484a1ddde4,0.0003093801756066056,114.4639301254923,40.621277202962354,73.84265292252994,AMAT,617.11,MPC,242.91,RIOT,28.1,-34.81965740783559,77.0608508524566,210.17151079329318,-20645.271270253877,18849.85472701941,5765.004541060031,45260.13053833332,-0.21828682023280782,15.0,False,7.660562686176505,27.0669,-2.274128824844108,1,1,56,1,47,1,42,0,0,0,0,42.0,0,0,0,0,1,35,2.86,2.69,0.17,6.3197,1,0,5.731125,1.6566169590942013,-1.3726000000000003,1,44,1.65,0.75,0.9,120.0,0,1,47.104775000000004,53.52171392761193,69.8155,1,49,-0.35,-0.28,-0.07,-25.0,1,0,-61.52690000000008,951.36768452554,1357.2187,145.0,33.77323333333333,76.29890149512858,35.0,49,7.094598884597588,3,0,0,0,0
2026-06-18,beaac578-533a-4bdd-9b45-72e4bf285649,0.00016685155639954266,-309.6118886830203,36.53490165826629,-346.1467903412866,SAP,155.22,SOFI,17.91,HIMS,35.47,108.20757277810662,-719.9295818000321,-36.41177785196303,17182.28048143555,-12541.17331495656,-1161.171595699101,30884.625392091213,1.5008201175927394,10.0,False,26.76784623165785,27.0669,-2.200702944026587,1,1,40,1,47,1,46,0,0,0,0,40.0,0,0,0,0,1,56,2.01,1.92,0.09,4.6875,1,0,6.840149999999998,3.697313163636954,-7.521800000000001,1,50,0.12,0.12,0.0,0.0,1,0,21.022725,21.907567924557632,-9.0909,1,38,-0.19,0.13,-0.32,-246.1538,1,0,-50.5938,130.5293353231883,-261.94329999999997,250.8413,-80.48876666666666,143.489270038088,38.0,56,9.16515138991168,3,0,0,0,0
2026-06-18,c218cabf-1979-4cd0-aba6-bd84b613d4a4,0.000529905583165135,-558.0401271536887,48.13511932363252,-606.1752464773213,NBIS,286.69,NOK,13.49,AMD,537.37,-23.38370865372929,1429.2808691011112,-16.96949404430859,-6568.717597919095,19766.954419668367,-8696.526307827266,35032.19832541473,-1.1534582578926726,10.0,True,26.48647839049397,27.0669,-2.584920839928895,1,1,49,1,35,1,47,0,0,0,0,35.0,0,0,0,0,1,36,-0.39,-0.78,0.39,50.0,0,1,14.1687,31.582643609531274,75.9259,1,56,0.06,0.05,0.01,20.0,0,1,-16.225499999999997,45.3251940756273,8.2353,1,44,1.37,1.29,0.08,6.2016,1,0,8.1012,6.708453234997167,-9.7075,43.7984,25.400533333333332,22.393063230682248,36.0,56,10.066445913694334,3,0,0,0,0
2026-06-18,c28ae4fb-1ea9-43ba-9144-87e8b7664d82,5.859060358995407e-05,-376.07161876529733,50.6589703345301,-426.73058909982745,LIN,512.15,SLB,48.09,C,143.06,-2.0900356229736885,483.16975960669697,-171.1219997418554,-1078.1448761109773,24317.93400100506,-24603.92112288397,50000.00000000001,-0.6931345682368182,12.0,False,26.913137918929564,27.0669,-2.6125293658677595,1,1,43,1,36,1,26,0,0,0,0,26.0,0,0,0,0,1,48,4.33,4.27,0.06,1.4052,0,1,0.95975,0.4342871899247195,0.9267000000000001,1,55,0.52,0.51,0.01,1.9608,0,1,3.3204,1.957980032244849,-3.4446000000000003,1,65,3.06,2.6,0.46,17.6923,0,1,9.908949999999997,22.831576170517746,41.149100000000004,16.2871,7.019433333333333,9.247147398161951,48.0,65,8.54400374531753,3,0,0,0,0
2026-06-18,c2c8ffc7-e6ee-47fd-9a25-e83e601cf3b7,0.0003093801756066056,-457.24748163191475,29.78095717198219,-487.02843880389696,HIMS,35.47,U,27.48,INTU,267.0,-334.96368746318666,321.4983736418895,26.146676309031477,-10681.991993201023,8510.061950300815,7035.547661234189,26227.601604736024,1.1204380282169013,14.0,False,26.852846239135346,27.0669,-2.430745748151703,1,1,46,1,48,1,63,0,0,0,0,46.0,0,0,0,0,1,38,-0.19,0.13,-0.32,-246.1538,1,0,-50.5938,130.5293353231883,-261.94329999999997,1,42,0.23,0.24,-0.01,-4.1667,0,1,-89.13895000000001,201.4081259195616,198.22240000000002,1,29,12.8,12.57,0.23,1.8298,1,0,10.052425000000003,11.546588655924735,-25.076,247.9836,-82.83023333333333,141.47413217476662,29.0,42,6.658328118479393,3,0,0,0,0
2026-06-18,c4501e77-f314-4c99-8e1d-8ae5c91459b7,0.0008890704230695478,1371.2604501181956,50.18676151948077,1321.0736885987149,AXP,338.0,CVNA,66.56,ACN,127.98,-94.6783051686098,263.6301836047646,7.605003631088453,-32241.750042118383,16571.793341395503,1186.4566164861094,49999.99999999999,-2.248370873854381,13.0,False,36.55125215711496,27.0669,-1.7662567190886589,1,1,36,1,41,1,0,0,0,0,0,0.0,1,1,1,1,1,56,4.28,3.99,0.29,7.2682,0,1,3.9698750000000143,3.3083543697474664,7.8316,1,50,0.34,0.3,0.04,13.3333,1,0,76.26700000000001,141.78203932771834,-273.8227,1,0,0.0,3.7,0.0,0.0,0,1,3.701066666666667,2.0006850859976226,0.0,13.3333,6.867166666666667,6.6756904529294445,0.0,56,30.74627348693388,3,1,1,1,1
2026-06-18,c4a661bb-e889-4d47-b474-ac4ff03d8d73,0.00023225741047688724,170.92327776502222,45.15812202445656,125.76515574056566,ACN,127.98,TDG,1328.31,WULF,28.98,92.30650298599518,-22.475725921911277,110.28505897468195,14400.737530845106,-29594.912107676675,3072.541743034639,47068.19138155642,-2.8176571352770816,33.0,False,16.95964656666284,27.0669,-3.261398471261936,1,1,0,1,47,1,-1,0,0,1,1,0.0,1,1,1,1,1,0,0.0,3.7,0.0,0.0,0,1,3.701066666666667,2.0006850859976226,0.0,1,44,9.2,8.52,0.68,7.9812,0,1,2.2217000000000002,4.516509253099527,5.618,1,41,-0.44,-0.16,-0.28,-175.0,0,1,-608.4294749999999,1037.4762134800885,-59.615399999999994,182.9812,-55.67293333333333,103.41729312747135,0.0,44,24.583192089989726,3,1,1,1,1
2026-06-18,c6751890-dcb7-48b8-b3bb-3e2294012d53,0.0002634634284664263,185.85001716720424,44.152659796123885,141.69735737108036,ACN,127.98,SE,91.28,TZA,4.02,136.75242385457565,-113.33434749173557,-946.4229164616303,21334.745645552346,-10295.29212614926,-4041.225853291161,35671.26362499277,1.4414619098175427,34.0,False,20.546533673317644,27.0669,-3.546870597455938,1,1,0,1,54,0,-1,0,0,1,1,0.0,1,1,1,1,1,0,0.0,3.7,0.0,0.0,0,1,3.701066666666667,2.0006850859976226,0.0,1,37,0.81,0.77,0.04,5.1948,0,1,-5.9097250000000034,10.429713614277029,9.483,0,-1,0.0,0.0,0.0,0.0,0,0,0.0,0.0,0.0,5.1948,1.7316,2.9992191783862676,0.0,37,26.16295090390226,2,1,1,1,1
2026-06-18,c81ed1b5-dc72-47e7-9c6c-697513e692ef,0.00034378047563807273,-1814.9058421188518,38.65509080762529,-1853.560932926477,SLB,48.09,TER,437.92,HIMS,35.47,564.3487832953145,-19.13018864260975,-129.88155137131682,28403.67426325318,-7815.829871824639,-4141.922673231294,40361.426808309116,1.1816270146100898,12.0,False,26.584521868103128,27.0669,-3.243942205102582,1,1,36,1,47,1,46,0,0,0,0,36.0,0,0,0,0,1,55,0.52,0.51,0.01,1.9608,0,1,3.3204,1.957980032244849,-3.4446000000000003,1,51,2.56,2.12,0.44,20.7547,1,0,16.085,11.700041602488524,-9.6801,1,38,-0.19,0.13,-0.32,-246.1538,1,0,-50.5938,130.5293353231883,-261.94329999999997,266.9085,-74.47943333333333,148.97103341624282,38.0,55,8.888194417315589,3,0,0,0,0
2026-06-18,cbf3c65c-f06a-4512-8730-cf6629131a8c,0.00023225741047688724,-88.89716909479455,36.29477690888963,-125.19194600368418,HOOD,108.15,SHOP,108.85,IGV,89.09,-141.57488715193335,57.00713288302361,219.814663034937,-14893.67812838339,6161.900993326022,19598.675356194984,40654.2544779044,1.159422190130028,15.0,False,9.97334282107341,27.0669,-2.426902886880355,1,1,41,1,48,0,-1,0,0,1,1,41.0,0,0,0,0,1,51,0.38,0.39,-0.01,-2.5641,1,0,16.2218,15.814762302568298,-14.9237,1,44,-0.45,0.24,-0.69,-287.5,0,1,-68.0163,146.7882912937769,-281.6176,0,-1,0.0,0.0,0.0,0.0,0,0,0.0,0.0,0.0,287.5,-96.68803333333334,165.25298369349744,44.0,51,4.949747468305833,2,0,0,0,0
2026-06-18,d2e8cca9-9b6b-4a30-8c72-a28c97e340b0,0.0005361063697947655,750.2301635752281,69.99692816205489,680.2332354131731,USO,114.87,WDC,746.23,TZA,4.02,169.27986635376823,-13.67741199609702,-2471.481533903169,19336.839133590944,-9740.09540478057,-10553.22614976653,39630.16068813804,0.31835713386747,17.0,False,23.290209843547615,27.0669,-2.3780791585663934,0,0,-1,1,41,0,-1,1,0,1,2,41.0,0,0,0,0,0,-1,0.0,0.0,0.0,0.0,0,0,0.0,0.0,0.0,1,49,8.2,2.14,6.06,283.1776,1,0,104.35665,128.27820122142086,272.81489999999997,0,-1,0.0,0.0,0.0,0.0,0,0,0.0,0.0,0.0,283.1776,94.39253333333333,163.49266358847214,49.0,49,0.0,1,0,0,0,0
2026-06-18,d8eef29e-d833-4964-a9bb-2239dd8ce74f,5.859060358995407e-05,182.51492175907455,39.23304924341837,143.28187251565618,AFRM,73.92,MSFT,379.4,GDX,82.51,-104.30178788410288,81.12734903048474,-109.9917933074826,-7377.265457042597,30739.963821140973,-9278.907683419231,47396.1369616028,2.3179262627892276,10.0,False,27.060955964205192,27.0669,-1.7722039372226785,1,1,70,1,41,0,-1,0,0,1,1,41.0,0,0,0,0,1,42,0.62,0.73,-0.11,-15.0685,1,0,102.16137499999999,162.03413007699692,-0.7827999999999999,1,50,4.27,4.09,0.18,4.401,1,0,11.415300000000002,13.726602610260125,-27.2317,0,-1,0.0,0.0,0.0,0.0,0,0,0.0,0.0,0.0,19.4695,-3.5558333333333336,10.21020668661185,42.0,50,5.656854249492381,2,0,0,0,0
2026-06-18,dbde3852-b629-48d8-ac9a-bdce1a511250,0.00016685155639954266,-187.6894388600892,29.91973673876809,-217.6091755988573,SAP,155.22,SE,91.28,MARA,14.22,112.51534014068194,-120.69884655248914,-165.76174893512137,17866.310860938884,-10964.283220828114,-2307.4035451768896,31137.99762694389,1.108464611611312,10.0,False,27.587279822109085,27.0669,-2.210883227377974,1,1,40,1,54,1,47,0,0,0,0,40.0,0,0,0,0,1,56,2.01,1.92,0.09,4.6875,1,0,6.840149999999998,3.697313163636954,-7.521800000000001,1,37,0.81,0.77,0.04,5.1948,0,1,-5.9097250000000034,10.429713614277029,9.483,1,38,-0.6278,-0.0405,-0.5873,-1450.1235,0,1,-60.93997499999995,1018.4432948451619,-1350.1235,1455.3183,-480.0804,840.0820056586915,37.0,56,10.692676621563626,3,0,0,0,0
2026-06-18,e1a5b500-1c0c-44ef-ba48-d1ebe8dc34f3,0.00034378047563807273,-721.3013453203979,42.589178357099875,-763.8905236774978,HIMS,35.47,U,27.48,EWZ,33.73,-419.730777959783,488.86875821730035,248.06817472504,-13385.21450913748,12940.35603001194,8461.605439871115,34787.17597902053,0.71523183530274,10.0,False,26.837082057337096,27.0669,-2.4024231445689574,1,1,46,1,48,0,-1,0,0,1,1,46.0,0,0,0,0,1,38,-0.19,0.13,-0.32,-246.1538,1,0,-50.5938,130.5293353231883,-261.94329999999997,1,42,0.23,0.24,-0.01,-4.1667,0,1,-89.13895000000001,201.4081259195616,198.22240000000002,0,-1,0.0,0.0,0.0,0.0,0,0,0.0,0.0,0.0,246.1538,-83.44016666666666,140.9295398474831,38.0,42,2.8284271247461903,2,0,0,0,0
2026-06-18,e89ec6ba-1a40-4684-9cd9-bc9928fcf8f5,0.00034378047563807273,-477.1379183351879,36.64671531214483,-513.7846336473327,FISV,47.86,RBLX,51.53,HWM,277.66,435.5214636074323,-166.2022609561577,-24.161361057584713,21240.381780134474,-7981.0325711146925,-6843.2222923397185,36064.636643588885,0.3382404097752323,13.0,False,25.60168183494884,27.0669,-2.5708225264104336,1,1,34,1,42,1,42,0,0,0,0,34.0,0,0,0,0,1,44,1.79,1.64,0.15,9.1463,0,1,-1.8724249999999998,14.42968674674425,4.4095,1,49,-0.35,-0.4,0.05,12.5,1,0,8.1936,16.565533357546908,4.3367,1,42,1.22,1.1063,0.1137,10.2775,0,1,6.87955,2.874828971723152,2.030099999999999,3.3537,10.641266666666667,1.7061859697387425,42.0,49,3.605551275463989,3,0,0,0,0
2026-06-18,eaa77288-81b8-49a2-9dff-47faec9ab300,0.0002634634284664263,354.00779221362006,38.378948512582824,315.6288437010372,COF,201.53,SAP,155.22,ARM,439.46,-117.83710942985628,105.6629743190024,0.47937776751222627,-23669.940171175233,16778.223692114392,200.80175925552135,40648.96562254514,-0.9772878539473473,14.0,False,16.516549637930478,27.0669,-2.2766632790542496,1,1,40,1,40,1,41,0,0,0,0,40.0,0,0,0,0,1,58,4.42,4.57,-0.15,-3.2823,1,0,18.43352500000001,27.481208695685343,3.481,1,56,2.01,1.92,0.09,4.6875,1,0,6.840149999999998,3.697313163636954,-7.521800000000001,1,44,0.29,0.37,-0.08,-21.6216,1,0,-4.1859,11.849070783820984,-26.4996,26.3091,-6.7388,13.4908387393075,44.0,58,7.571877794400365,3,0,0,0,0
2026-06-18,ef2a6eef-343c-4b14-95a4-8e9a1993a2a6,0.00023225741047688724,-271.39260127964235,33.12443235020501,-304.51703362984733,GEV,1109.73,XOP,153.36,BE,328.91,-16.464968259262633,132.31520766678756,4.842431678015703,-17269.446608410202,20608.093594102163,1380.0446039176952,39257.58480643006,-0.23884660038410055,12.0,False,16.32187847822505,27.0669,-2.6051887726624536,1,1,34,0,-1,1,42,0,1,0,1,34.0,0,0,0,0,1,57,2.01,1.67,0.34,20.3593,0,1,85.39707500000002,154.30942489120957,-295.4792,0,-1,0.0,0.0,0.0,0.0,0,0,0.0,0.0,0.0,1,51,0.44,0.13,0.31,238.4615,1,0,184.615375,168.8515523930977,188.4615,238.4615,86.2736,132.19112282574048,51.0,57,4.242640687119285,2,0,0,0,0
2026-06-18,f2b722b2-a9bd-426c-9b47-310434234889,0.0002634634284664263,318.9387251833189,42.45026662316381,276.4884585601551,MPWR,1563.7,RIOT,28.1,WDC,746.23,1.856534797978181,652.5744956165843,-27.701735458880126,2688.6522597799817,17900.118414762906,-19727.236872332305,40316.00754687519,-1.2652825979073858,13.0,False,27.722787280992673,27.0669,-2.2138197183183594,1,1,42,1,42,1,41,0,0,0,0,41.0,0,0,0,0,1,49,5.1,4.9,0.2,4.0816,1,0,2.3151749999999995,1.2736571735696463,3.0267,1,49,-0.35,-0.28,-0.07,-25.0,1,0,-61.52690000000008,951.36768452554,1357.2187,1,49,8.2,2.14,6.06,283.1776,1,0,104.35665,128.27820122142086,272.81489999999997,308.1776,87.41973333333333,170.15372942152436,49.0,49,0.0,3,0,0,0,0
2026-06-18,f57f159c-ca7d-409e-9895-908265065145,0.01267933533165962,1824.0443138201476,40.176669498359985,1783.8676443217876,STX,1070.23,TXN,322.86,NOK,13.49,-16.15592087589884,93.0809014779629,202.77992252055404,-17223.342568169475,28099.26253816744,2804.4463284592625,48127.05143479618,1.028298349340822,14.0,False,17.001469411855798,27.0669,-0.9863937300959766,1,1,47,1,40,1,35,0,0,0,0,35.0,0,0,0,0,1,51,4.1,3.51,0.59,16.8091,1,0,10.3034,4.569571162227641,7.302100000000001,1,57,1.68,1.37,0.31,22.6277,1,0,7.7396,10.75078115022421,25.6811,1,56,0.06,0.05,0.01,20.0,0,1,-16.225499999999997,45.3251940756273,8.2353,5.8186,19.81226666666667,2.9138392789125027,51.0,57,3.2145502536643185,3,0,0,0,0
2026-06-18,f6cd1fa2-3a6d-4849-ab04-49411d31f59f,0.0003093801756066056,144.1409524700375,32.6540098937396,111.48694257629789,AMAT,617.11,MPC,242.91,CRWD,684.86,-28.397397847137952,74.89031537342584,7.0018442601312465,-16837.385131525032,18318.920043493694,4781.979555899236,39938.28473091796,0.5924576315510317,17.0,False,12.786331632172068,27.0669,-2.4525923744243836,1,1,56,1,47,1,-1,0,0,1,1,47.0,0,0,0,0,1,35,2.86,2.69,0.17,6.3197,1,0,5.731125,1.6566169590942013,-1.3726000000000003,1,44,1.65,0.75,0.9,120.0,0,1,47.104775000000004,53.52171392761193,69.8155,1,15,1.1,1.07,0.03,2.8037,1,0,4.699450000000113,4.916417877913307,0.9855,117.1963,43.041133333333335,66.67151515424959,15.0,44,14.843629385474879,3,0,0,0,0
2026-06-18,f7270ae5-5d27-473c-931a-88e322bd6c7c,0.00023225741047688724,243.85262470565164,35.676908089919976,208.17571661573166,HOOD,108.15,TTD,18.51,PANW,287.78,-144.08674767753394,500.6032135713774,30.00429889620681,-15157.92585567657,9090.954358456214,8465.112847586826,32713.993061719608,0.10603804409854756,12.0,False,13.757306544094345,27.0669,-2.095089854232412,1,1,41,1,49,1,-1,0,0,1,1,41.0,0,0,0,0,1,51,0.38,0.39,-0.01,-2.5641,1,0,16.2218,15.814762302568298,-14.9237,1,42,0.28,0.1206,0.1594,132.1725,1,0,50.64280000000001,66.28339364773117,58.59200000000001,1,16,0.32,0.43,-0.11,-25.5814,1,0,-1.1927250000000011,16.391435837325748,-35.1559,157.75390000000002,34.67566666666667,85.21545286709058,16.0,51,18.175074506954115,3,0,0,0,0
2026-06-18,f764bf67-d09b-43bb-a1f2-dd5f7c5c62ed,5.859060358995407e-05,439.3480692455988,40.06475637258765,399.28331287301114,AXP,338.0,MSFT,379.4,VRT,333.05,-43.94775645502127,69.87508661512831,-20.889194508643712,-14965.968983192945,26476.36906933827,-6633.99039205507,48076.32844458629,0.6563031715916137,11.0,True,27.069777449292705,27.0669,-1.9454249620745232,1,1,36,1,41,1,41,0,0,0,0,36.0,0,0,0,0,1,56,4.28,3.99,0.29,7.2682,0,1,3.9698750000000143,3.3083543697474664,7.8316,1,50,4.27,4.09,0.18,4.401,1,0,11.415300000000002,13.726602610260125,-27.2317,1,57,1.17,1.01,0.16,15.8416,0,1,10.811050000000002,16.14143011559591,28.1493,11.4406,9.170266666666667,5.952749389427824,50.0,57,3.7859388972001824,3,0,0,0,0
2026-06-18,f85dfc1d-2283-44a7-a643-d3dc458b94be,0.00023225741047688724,350.2432045194471,38.06413627821556,312.17906824123156,COF,201.53,SAP,155.22,OKLO,61.17,-116.75414331673844,105.94496866712991,0.5840379973390849,-23452.40476803325,16823.001574653557,34.35311500348497,40309.75945769029,-0.978082867263674,15.0,False,27.207511737451767,27.0669,-2.3060930981319174,1,1,40,1,40,1,53,0,0,0,0,40.0,0,0,0,0,1,58,4.42,4.57,-0.15,-3.2823,1,0,18.43352500000001,27.481208695685343,3.481,1,56,2.01,1.92,0.09,4.6875,1,0,6.840149999999998,3.697313163636954,-7.521800000000001,1,79,0.0,-0.1837,0.0,0.0,0,1,-66.35103333333333,2.5713732380366445,0.0,7.9698,0.4683999999999999,4.005493344146261,56.0,79,12.741009902410928,3,0,0,0,0
